train_number,line_direction_cid,direction_chinese,station_id,station_name,car_number_cn1,car_number_cn2,car1_congestion,car2_congestion,car3_congestion,car4_congestion,update_time,timestamp
"113,104",2,上行,BR11,BR 南京復興,113,104,3,2,2,2,2025-07-14 21:22:24,2025-07-14 21:22:24
"111,142",1,下行,BR21,葫洲,111,142,1,1,1,1,2025-07-14 21:22:21,2025-07-14 21:22:21
"135,201",2,上行,BR04,萬芳醫院,135,201,1,1,1,1,2025-07-14 21:21:47,2025-07-14 21:21:47
"199,128",2,上行,BR08,科技大樓,199,128,1,1,1,1,2025-07-14 21:21:24,2025-07-14 21:21:24
"101,114",2,上行,BR19,內湖,101,114,1,1,1,1,2025-07-14 21:21:23,2025-07-14 21:21:23
"157,112",2,上行,BR14,大直,157,112,1,1,2,2,2025-07-14 21:21:21,2025-07-14 21:21:21
"141,160",2,上行,BR16,西湖,141,160,2,2,2,1,2025-07-14 21:21:11,2025-07-14 21:21:11
"127,120",2,上行,BR21,葫洲,127,120,1,1,1,1,2025-07-14 21:21:01,2025-07-14 21:21:01
"191,126",1,下行,BR09,BR 大安,191,126,2,2,3,2,2025-07-14 21:20:58,2025-07-14 21:20:58
"111,142",1,下行,BR22,東湖,111,142,1,1,1,1,2025-07-14 21:20:38,2025-07-14 21:20:38
"113,104",2,上行,BR10,BR 忠孝復興,113,104,3,1,2,2,2025-07-14 21:20:19,2025-07-14 21:20:19
"103,194",2,上行,BR23,南港軟體園區,103,194,1,1,2,1,2025-07-14 21:20:08,2025-07-14 21:20:08
"135,201",2,上行,BR03,萬芳社區,135,201,1,1,1,1,2025-07-14 21:19:42,2025-07-14 21:19:42
"129,198",2,上行,BR12,中山國中,129,198,1,1,2,2,2025-07-14 21:19:42,2025-07-14 21:19:42
"101,114",2,上行,BR18,文德,101,114,1,1,2,1,2025-07-14 21:19:39,2025-07-14 21:19:39
"133,166",1,下行,BR01,動物園,133,166,1,1,1,1,2025-07-14 21:19:15,2025-07-14 21:19:15
"191,126",1,下行,BR10,BR 忠孝復興,191,126,2,1,2,2,2025-07-14 21:19:13,2025-07-14 21:19:13
"199,128",2,上行,BR07,六張犁,199,128,1,1,1,1,2025-07-14 21:18:57,2025-07-14 21:18:57
"111,142",1,下行,BR23,南港軟體園區,111,142,1,1,1,1,2025-07-14 21:18:48,2025-07-14 21:18:48
"127,120",2,上行,BR20,大湖公園,127,120,1,1,1,1,2025-07-14 21:18:35,2025-07-14 21:18:35
"113,104",2,上行,BR09,BR 大安,113,104,2,1,1,2,2025-07-14 21:18:24,2025-07-14 21:18:24
"103,194",2,上行,BR22,東湖,103,194,2,1,2,1,2025-07-14 21:18:21,2025-07-14 21:18:21
"157,112",2,上行,BR17,港漧,157,112,1,1,2,2,2025-07-14 21:27:12,2025-07-14 21:27:12
"101,114",2,上行,BR22,東湖,101,114,1,1,2,1,2025-07-14 21:27:08,2025-07-14 21:27:08
"183,118",1,下行,BR08,科技大樓,183,118,2,2,2,2,2025-07-14 21:26:59,2025-07-14 21:26:59
"127,120",2,上行,BR24,BR 南港展覽館,127,120,1,1,1,1,2025-07-14 21:26:57,2025-07-14 21:26:57
"113,104",2,上行,BR13,松山機場,113,104,2,2,2,2,2025-07-14 21:26:51,2025-07-14 21:26:51
"111,142",1,下行,BR19,內湖,111,142,1,1,1,1,2025-07-14 21:26:38,2025-07-14 21:26:38
"191,126",1,下行,BR06,麟光,191,126,3,2,2,1,2025-07-14 21:26:36,2025-07-14 21:26:36
"135,201",2,上行,BR06,麟光,135,201,1,1,1,1,2025-07-14 21:26:21,2025-07-14 21:26:21
"141,160",2,上行,BR19,內湖,141,160,2,1,1,1,2025-07-14 21:26:04,2025-07-14 21:26:04
"157,112",2,上行,BR16,西湖,157,112,1,1,2,2,2025-07-14 21:25:42,2025-07-14 21:25:42
"137,200",1,下行,BR02,木柵,137,200,1,1,1,2,2025-07-14 21:25:39,2025-07-14 21:25:39
"183,118",1,下行,BR09,BR 大安,183,118,2,2,3,3,2025-07-14 21:25:26,2025-07-14 21:25:26
"101,114",2,上行,BR21,葫洲,101,114,1,1,1,1,2025-07-14 21:25:26,2025-07-14 21:25:26
"111,142",1,下行,BR20,大湖公園,111,142,1,1,1,1,2025-07-14 21:24:48,2025-07-14 21:24:48
"127,120",2,上行,BR23,南港軟體園區,127,120,1,1,1,1,2025-07-14 21:24:34,2025-07-14 21:24:34
"141,160",2,上行,BR18,文德,141,160,2,2,1,1,2025-07-14 21:24:18,2025-07-14 21:24:18
"31,44",1,下行,BR23,南港軟體園區,31,44,1,1,1,1,2025-07-14 21:24:16,2025-07-14 21:24:16
"113,104",2,上行,BR12,中山國中,113,104,2,2,2,2,2025-07-14 21:24:02,2025-07-14 21:24:02
"135,201",2,上行,BR05,辛亥,135,201,1,1,1,1,2025-07-14 21:23:57,2025-07-14 21:23:57
"183,118",1,下行,BR10,BR 忠孝復興,183,118,2,1,3,3,2025-07-14 21:23:40,2025-07-14 21:23:40
"113,104",2,上行,BR15,劍南路,113,104,1,2,2,1,2025-07-14 21:32:15,2025-07-14 21:32:15
"157,112",2,上行,BR20,大湖公園,157,112,1,1,1,1,2025-07-14 21:32:11,2025-07-14 21:32:11
"141,160",2,上行,BR22,東湖,141,160,1,1,1,1,2025-07-14 21:31:49,2025-07-14 21:31:49
"129,198",2,上行,BR17,港漧,129,198,2,1,1,1,2025-07-14 21:31:39,2025-07-14 21:31:39
"199,128",2,上行,BR13,松山機場,199,128,2,2,1,3,2025-07-14 21:31:38,2025-07-14 21:31:38
"101,114",2,上行,BR24,BR 南港展覽館,101,114,1,1,1,1,2025-07-14 21:31:22,2025-07-14 21:31:22
"111,142",1,下行,BR16,西湖,111,142,1,1,1,2,2025-07-14 21:31:19,2025-07-14 21:31:19
"183,118",1,下行,BR06,麟光,183,118,2,2,2,1,2025-07-14 21:31:01,2025-07-14 21:31:01
"133,166",2,上行,BR04,萬芳醫院,133,166,1,1,1,1,2025-07-14 21:30:58,2025-07-14 21:30:58
"191,126",1,下行,BR04,萬芳醫院,191,126,2,3,1,1,2025-07-14 21:30:57,2025-07-14 21:30:57
"157,112",2,上行,BR19,內湖,157,112,1,1,2,1,2025-07-14 21:30:34,2025-07-14 21:30:34
"135,201",2,上行,BR08,科技大樓,135,201,1,1,1,1,2025-07-14 21:30:13,2025-07-14 21:30:13
"113,104",2,上行,BR14,大直,113,104,2,2,2,2,2025-07-14 21:30:08,2025-07-14 21:30:08
"141,160",2,上行,BR21,葫洲,141,160,1,1,1,1,2025-07-14 21:30:07,2025-07-14 21:30:07
"111,142",1,下行,BR17,港漧,111,142,1,1,1,1,2025-07-14 21:29:52,2025-07-14 21:29:52
"129,198",2,上行,BR16,西湖,129,198,2,2,1,1,2025-07-14 21:29:47,2025-07-14 21:29:47
"101,114",2,上行,BR23,南港軟體園區,101,114,1,1,2,1,2025-07-14 21:29:11,2025-07-14 21:29:11
"191,126",1,下行,BR05,辛亥,191,126,3,2,1,1,2025-07-14 21:29:05,2025-07-14 21:29:05
"133,166",2,上行,BR03,萬芳社區,133,166,1,1,1,1,2025-07-14 21:28:53,2025-07-14 21:28:53
"157,112",2,上行,BR18,文德,157,112,1,1,2,2,2025-07-14 21:28:49,2025-07-14 21:28:49
"199,128",2,上行,BR12,中山國中,199,128,2,2,1,2,2025-07-14 21:28:46,2025-07-14 21:28:46
"111,142",1,下行,BR18,文德,111,142,1,1,1,1,2025-07-14 21:28:09,2025-07-14 21:28:09
"199,128",2,上行,BR15,劍南路,199,128,1,1,2,2,2025-07-14 21:37:02,2025-07-14 21:37:02
"127,120",1,下行,BR23,南港軟體園區,127,120,1,1,1,1,2025-07-14 21:36:46,2025-07-14 21:36:46
"129,198",2,上行,BR20,大湖公園,129,198,1,1,1,1,2025-07-14 21:36:38,2025-07-14 21:36:38
"137,200",2,上行,BR02,木柵,137,200,1,1,1,1,2025-07-14 21:36:38,2025-07-14 21:36:38
"135,201",2,上行,BR11,BR 南京復興,135,201,1,1,2,2,2025-07-14 21:36:12,2025-07-14 21:36:12
"141,160",2,上行,BR24,BR 南港展覽館,141,160,1,1,1,1,2025-07-14 21:36:11,2025-07-14 21:36:11
"103,194",1,下行,BR21,葫洲,103,194,1,1,1,1,2025-07-14 21:36:03,2025-07-14 21:36:03
"113,104",2,上行,BR17,港漧,113,104,1,1,2,1,2025-07-14 21:35:58,2025-07-14 21:35:58
"183,118",1,下行,BR04,萬芳醫院,183,118,2,2,1,1,2025-07-14 21:35:48,2025-07-14 21:35:48
"111,142",1,下行,BR14,大直,111,142,2,1,1,2,2025-07-14 21:35:30,2025-07-14 21:35:30
"133,166",2,上行,BR06,麟光,133,166,1,1,1,1,2025-07-14 21:35:29,2025-07-14 21:35:29
"127,120",1,下行,BR24,BR 南港展覽館,127,120,1,1,1,1,2025-07-14 21:35:06,2025-07-14 21:35:06
"199,128",2,上行,BR14,大直,199,128,1,2,2,2,2025-07-14 21:34:55,2025-07-14 21:34:55
"129,198",2,上行,BR19,內湖,129,198,1,1,1,1,2025-07-14 21:34:47,2025-07-14 21:34:47
"191,126",1,下行,BR02,木柵,191,126,2,2,1,1,2025-07-14 21:34:37,2025-07-14 21:34:37
"113,104",2,上行,BR16,西湖,113,104,1,2,2,1,2025-07-14 21:34:28,2025-07-14 21:34:28
"103,194",1,下行,BR22,東湖,103,194,1,1,1,1,2025-07-14 21:34:20,2025-07-14 21:34:20
"183,118",1,下行,BR05,辛亥,183,118,3,2,1,1,2025-07-14 21:33:33,2025-07-14 21:33:33
"111,142",1,下行,BR15,劍南路,111,142,1,1,1,2,2025-07-14 21:33:29,2025-07-14 21:33:29
"133,166",2,上行,BR05,辛亥,133,166,1,1,1,1,2025-07-14 21:33:10,2025-07-14 21:33:10
"191,126",1,下行,BR03,萬芳社區,191,126,1,2,1,1,2025-07-14 21:33:09,2025-07-14 21:33:09
"101,114",1,下行,BR23,南港軟體園區,101,114,1,2,1,1,2025-07-14 21:42:17,2025-07-14 21:42:17
"199,128",2,上行,BR18,文德,199,128,1,1,2,2,2025-07-14 21:42:08,2025-07-14 21:42:08
"111,142",1,下行,BR12,中山國中,111,142,2,1,1,3,2025-07-14 21:41:55,2025-07-14 21:41:55
"133,166",2,上行,BR09,BR 大安,133,166,1,1,1,2,2025-07-14 21:41:50,2025-07-14 21:41:50
"103,194",1,下行,BR18,文德,103,194,1,1,1,1,2025-07-14 21:41:49,2025-07-14 21:41:49
"183,118",1,下行,BR01,動物園,183,118,1,2,1,1,2025-07-14 21:41:17,2025-07-14 21:41:17
"113,104",2,上行,BR20,大湖公園,113,104,1,1,1,1,2025-07-14 21:40:55,2025-07-14 21:40:55
"129,198",2,上行,BR22,東湖,129,198,1,1,1,1,2025-07-14 21:40:46,2025-07-14 21:40:46
"135,201",2,上行,BR13,松山機場,135,201,2,2,2,2,2025-07-14 21:40:40,2025-07-14 21:40:40
"157,112",2,上行,BR24,BR 南港展覽館,157,112,1,1,1,1,2025-07-14 21:40:35,2025-07-14 21:40:35
"101,114",1,下行,BR24,BR 南港展覽館,101,114,1,2,1,1,2025-07-14 21:40:32,2025-07-14 21:40:32
"199,128",2,上行,BR17,港漧,199,128,1,1,2,2,2025-07-14 21:40:30,2025-07-14 21:40:30
"127,120",1,下行,BR21,葫洲,127,120,1,1,1,1,2025-07-14 21:40:21,2025-07-14 21:40:21
"133,166",2,上行,BR08,科技大樓,133,166,1,1,1,1,2025-07-14 21:39:34,2025-07-14 21:39:34
"113,104",2,上行,BR19,內湖,113,104,1,1,2,1,2025-07-14 21:39:20,2025-07-14 21:39:20
"183,118",1,下行,BR02,木柵,183,118,1,2,1,1,2025-07-14 21:39:06,2025-07-14 21:39:06
"129,198",2,上行,BR21,葫洲,129,198,1,1,1,1,2025-07-14 21:39:04,2025-07-14 21:39:04
"111,142",1,下行,BR13,松山機場,111,142,2,2,1,3,2025-07-14 21:39:03,2025-07-14 21:39:03
"199,128",2,上行,BR16,西湖,199,128,1,1,3,2,2025-07-14 21:39:00,2025-07-14 21:39:00
"127,120",1,下行,BR22,東湖,127,120,1,1,1,1,2025-07-14 21:38:39,2025-07-14 21:38:39
"103,194",1,下行,BR20,大湖公園,103,194,1,1,1,1,2025-07-14 21:38:28,2025-07-14 21:38:28
"157,112",2,上行,BR23,南港軟體園區,157,112,1,1,1,1,2025-07-14 21:38:11,2025-07-14 21:38:11
"103,194",1,下行,BR15,劍南路,103,194,2,2,1,1,2025-07-14 21:47:20,2025-07-14 21:47:20
"191,126",2,上行,BR03,萬芳社區,191,126,1,1,1,1,2025-07-14 21:46:57,2025-07-14 21:46:57
"113,104",2,上行,BR23,南港軟體園區,113,104,1,1,1,1,2025-07-14 21:46:56,2025-07-14 21:46:56
"137,200",2,上行,BR07,六張犁,137,200,1,1,1,1,2025-07-14 21:46:09,2025-07-14 21:46:09
"127,120",1,下行,BR18,文德,127,120,1,1,1,1,2025-07-14 21:46:07,2025-07-14 21:46:07
"111,142",1,下行,BR10,BR 忠孝復興,111,142,2,1,1,2,2025-07-14 21:45:57,2025-07-14 21:45:57
"101,114",1,下行,BR21,葫洲,101,114,1,1,1,1,2025-07-14 21:45:54,2025-07-14 21:45:54
"135,201",2,上行,BR15,劍南路,135,201,2,2,2,2,2025-07-14 21:45:52,2025-07-14 21:45:52
"191,126",2,上行,BR02,木柵,191,126,1,1,1,1,2025-07-14 21:45:42,2025-07-14 21:45:42
"133,166",2,上行,BR11,BR 南京復興,133,166,1,1,2,3,2025-07-14 21:45:30,2025-07-14 21:45:30
"129,198",2,上行,BR24,BR 南港展覽館,129,198,1,1,1,1,2025-07-14 21:45:05,2025-07-14 21:45:05
"113,104",2,上行,BR22,東湖,113,104,1,1,1,1,2025-07-14 21:45:05,2025-07-14 21:45:05
"137,200",2,上行,BR06,麟光,137,200,1,1,1,1,2025-07-14 21:44:29,2025-07-14 21:44:29
"127,120",1,下行,BR19,內湖,127,120,1,1,1,1,2025-07-14 21:44:24,2025-07-14 21:44:24
"199,128",2,上行,BR19,內湖,199,128,1,1,2,2,2025-07-14 21:44:10,2025-07-14 21:44:10
"101,114",1,下行,BR22,東湖,101,114,1,1,1,1,2025-07-14 21:44:10,2025-07-14 21:44:10
"135,201",2,上行,BR14,大直,135,201,2,2,1,2,2025-07-14 21:44:00,2025-07-14 21:44:00
"111,142",1,下行,BR11,BR 南京復興,111,142,3,2,2,3,2025-07-14 21:43:44,2025-07-14 21:43:44
"133,166",2,上行,BR10,BR 忠孝復興,133,166,1,1,1,2,2025-07-14 21:43:37,2025-07-14 21:43:37
"103,194",1,下行,BR17,港漧,103,194,2,1,1,1,2025-07-14 21:43:27,2025-07-14 21:43:27
"113,104",2,上行,BR21,葫洲,113,104,1,1,1,1,2025-07-14 21:43:22,2025-07-14 21:43:22
"137,200",2,上行,BR10,BR 忠孝復興,137,200,1,1,2,2,2025-07-14 21:52:17,2025-07-14 21:52:17
"199,128",2,上行,BR23,南港軟體園區,199,128,1,1,2,1,2025-07-14 21:51:45,2025-07-14 21:51:45
"111,142",1,下行,BR07,六張犁,111,142,1,1,1,1,2025-07-14 21:51:44,2025-07-14 21:51:44
"101,114",1,下行,BR18,文德,101,114,1,1,1,1,2025-07-14 21:51:43,2025-07-14 21:51:43
"127,120",1,下行,BR15,劍南路,127,120,1,1,1,1,2025-07-14 21:51:37,2025-07-14 21:51:37
"157,112",1,下行,BR21,葫洲,157,112,1,1,1,1,2025-07-14 21:51:28,2025-07-14 21:51:28
"183,118",2,上行,BR03,萬芳社區,183,118,1,1,1,1,2025-07-14 21:51:26,2025-07-14 21:51:26
"135,201",2,上行,BR18,文德,135,201,2,1,2,2,2025-07-14 21:51:14,2025-07-14 21:51:14
"191,126",2,上行,BR05,辛亥,191,126,1,1,1,1,2025-07-14 21:51:11,2025-07-14 21:51:11
"137,200",2,上行,BR09,BR 大安,137,200,1,1,1,2,2025-07-14 21:50:23,2025-07-14 21:50:23
"101,114",1,下行,BR19,內湖,101,114,1,1,1,1,2025-07-14 21:49:58,2025-07-14 21:49:58
"199,128",2,上行,BR22,東湖,199,128,1,1,2,1,2025-07-14 21:49:54,2025-07-14 21:49:54
"133,166",2,上行,BR13,松山機場,133,166,3,1,2,2,2025-07-14 21:49:51,2025-07-14 21:49:51
"135,201",2,上行,BR17,港漧,135,201,2,2,2,2,2025-07-14 21:49:50,2025-07-14 21:49:50
"157,112",1,下行,BR22,東湖,157,112,1,1,1,1,2025-07-14 21:49:45,2025-07-14 21:49:45
"103,194",1,下行,BR14,大直,103,194,3,2,1,1,2025-07-14 21:49:21,2025-07-14 21:49:21
"113,104",2,上行,BR24,BR 南港展覽館,113,104,1,1,1,1,2025-07-14 21:49:20,2025-07-14 21:49:20
"111,142",1,下行,BR08,科技大樓,111,142,2,2,1,2,2025-07-14 21:49:17,2025-07-14 21:49:17
"127,120",1,下行,BR16,西湖,127,120,1,1,1,1,2025-07-14 21:49:14,2025-07-14 21:49:14
"191,126",2,上行,BR04,萬芳醫院,191,126,1,1,1,1,2025-07-14 21:49:01,2025-07-14 21:49:01
"137,200",2,上行,BR08,科技大樓,137,200,1,1,1,1,2025-07-14 21:48:36,2025-07-14 21:48:36
"135,201",2,上行,BR16,西湖,135,201,2,2,1,2,2025-07-14 21:48:20,2025-07-14 21:48:20
"101,114",1,下行,BR20,大湖公園,101,114,1,1,1,1,2025-07-14 21:48:19,2025-07-14 21:48:19
"199,128",2,上行,BR21,葫洲,199,128,1,1,3,1,2025-07-14 21:48:11,2025-07-14 21:48:11
"103,194",1,下行,BR11,BR 南京復興,103,194,3,2,2,2,2025-07-14 21:57:24,2025-07-14 21:57:24
"157,112",1,下行,BR18,文德,157,112,1,1,1,1,2025-07-14 21:57:16,2025-07-14 21:57:16
"135,201",2,上行,BR21,葫洲,135,201,1,1,1,1,2025-07-14 21:57:16,2025-07-14 21:57:16
"101,114",1,下行,BR15,劍南路,101,114,2,1,1,2,2025-07-14 21:57:14,2025-07-14 21:57:14
"113,104",1,下行,BR24,BR 南港展覽館,113,104,1,2,1,1,2025-07-14 21:56:59,2025-07-14 21:56:59
"127,120",1,下行,BR13,松山機場,127,120,2,1,2,2,2025-07-14 21:56:57,2025-07-14 21:56:57
"137,200",2,上行,BR12,中山國中,137,200,1,1,2,2,2025-07-14 21:56:00,2025-07-14 21:56:00
"111,142",1,下行,BR05,辛亥,111,142,1,1,1,1,2025-07-14 21:55:49,2025-07-14 21:55:49
"183,118",2,上行,BR05,辛亥,183,118,1,1,1,1,2025-07-14 21:55:42,2025-07-14 21:55:42
"157,112",1,下行,BR19,內湖,157,112,1,1,1,1,2025-07-14 21:55:36,2025-07-14 21:55:36
"129,198",1,下行,BR22,東湖,129,198,1,1,1,1,2025-07-14 21:55:18,2025-07-14 21:55:18
"133,166",2,上行,BR15,劍南路,133,166,3,1,2,1,2025-07-14 21:55:17,2025-07-14 21:55:17
"187,188",2,上行,BR09,BR 大安,187,188,1,1,1,1,2025-07-14 21:55:07,2025-07-14 21:55:07
"101,114",1,下行,BR16,西湖,101,114,1,1,1,1,2025-07-14 21:54:50,2025-07-14 21:54:50
"135,201",2,上行,BR20,大湖公園,135,201,1,1,1,1,2025-07-14 21:54:50,2025-07-14 21:54:50
"137,200",2,上行,BR11,BR 南京復興,137,200,1,1,2,2,2025-07-14 21:54:22,2025-07-14 21:54:22
"199,128",2,上行,BR24,BR 南港展覽館,199,128,1,1,1,1,2025-07-14 21:54:11,2025-07-14 21:54:11
"157,112",1,下行,BR20,大湖公園,157,112,1,1,1,1,2025-07-14 21:53:54,2025-07-14 21:53:54
"127,120",1,下行,BR14,大直,127,120,1,1,1,1,2025-07-14 21:53:39,2025-07-14 21:53:39
"183,118",2,上行,BR04,萬芳醫院,183,118,1,1,1,1,2025-07-14 21:53:32,2025-07-14 21:53:32
"129,198",1,下行,BR23,南港軟體園區,129,198,1,2,1,1,2025-07-14 21:53:26,2025-07-14 21:53:26
"133,166",2,上行,BR14,大直,133,166,3,1,2,1,2025-07-14 21:53:26,2025-07-14 21:53:26
"101,114",1,下行,BR17,港漧,101,114,1,1,1,1,2025-07-14 21:53:21,2025-07-14 21:53:21
"111,142",1,下行,BR06,麟光,111,142,1,1,1,1,2025-07-14 21:53:21,2025-07-14 21:53:21
"137,200",2,上行,BR14,大直,137,200,3,2,2,1,2025-07-14 22:02:07,2025-07-14 22:02:07
"127,120",1,下行,BR11,BR 南京復興,127,120,2,1,1,2,2025-07-14 22:01:41,2025-07-14 22:01:41
"111,142",1,下行,BR02,木柵,111,142,1,1,1,1,2025-07-14 22:01:37,2025-07-14 22:01:37
"103,194",1,下行,BR09,BR 大安,103,194,3,3,2,3,2025-07-14 22:01:24,2025-07-14 22:01:24
"191,126",2,上行,BR10,BR 忠孝復興,191,126,2,1,1,1,2025-07-14 22:01:20,2025-07-14 22:01:20
"129,198",1,下行,BR19,內湖,129,198,1,1,1,1,2025-07-14 22:01:05,2025-07-14 22:01:05
"135,201",2,上行,BR23,南港軟體園區,135,201,1,1,1,1,2025-07-14 22:00:38,2025-07-14 22:00:38
"113,104",1,下行,BR22,東湖,113,104,1,2,1,1,2025-07-14 22:00:34,2025-07-14 22:00:34
"157,112",1,下行,BR16,西湖,157,112,1,1,1,1,2025-07-14 22:00:20,2025-07-14 22:00:20
"111,142",1,下行,BR03,萬芳社區,111,142,1,1,1,1,2025-07-14 22:00:08,2025-07-14 22:00:08
"127,120",1,下行,BR12,中山國中,127,120,2,1,2,3,2025-07-14 21:59:54,2025-07-14 21:59:54
"183,118",2,上行,BR07,六張犁,183,118,1,1,1,1,2025-07-14 21:59:35,2025-07-14 21:59:35
"129,198",1,下行,BR20,大湖公園,129,198,1,1,1,1,2025-07-14 21:59:28,2025-07-14 21:59:28
"191,126",2,上行,BR09,BR 大安,191,126,1,1,1,1,2025-07-14 21:59:27,2025-07-14 21:59:27
"101,114",1,下行,BR14,大直,101,114,2,2,2,2,2025-07-14 21:59:16,2025-07-14 21:59:16
"133,166",2,上行,BR17,港漧,133,166,2,1,1,1,2025-07-14 21:59:13,2025-07-14 21:59:13
"135,201",2,上行,BR22,東湖,135,201,1,1,1,1,2025-07-14 21:58:58,2025-07-14 21:58:58
"157,112",1,下行,BR17,港漧,157,112,1,1,1,1,2025-07-14 21:58:55,2025-07-14 21:58:55
"137,200",2,上行,BR13,松山機場,137,200,2,1,2,2,2025-07-14 21:58:43,2025-07-14 21:58:43
"113,104",1,下行,BR23,南港軟體園區,113,104,2,2,1,1,2025-07-14 21:58:43,2025-07-14 21:58:43
"191,126",2,上行,BR13,松山機場,191,126,2,2,2,2,2025-07-14 22:07:23,2025-07-14 22:07:23
"101,114",1,下行,BR11,BR 南京復興,101,114,3,2,2,2,2025-07-14 22:07:06,2025-07-14 22:07:06
"127,120",1,下行,BR08,科技大樓,127,120,2,2,1,1,2025-07-14 22:07:06,2025-07-14 22:07:06
"103,194",1,下行,BR06,麟光,103,194,2,2,2,2,2025-07-14 22:07:02,2025-07-14 22:07:02
"129,198",1,下行,BR16,西湖,129,198,1,1,1,1,2025-07-14 22:06:27,2025-07-14 22:06:27
"137,200",2,上行,BR16,西湖,137,200,2,2,1,1,2025-07-14 22:06:23,2025-07-14 22:06:23
"187,188",2,上行,BR14,大直,187,188,2,1,2,1,2025-07-14 22:06:21,2025-07-14 22:06:21
"113,104",1,下行,BR19,內湖,113,104,1,1,1,1,2025-07-14 22:06:20,2025-07-14 22:06:20
"199,128",1,下行,BR22,東湖,199,128,1,1,1,1,2025-07-14 22:06:04,2025-07-14 22:06:04
"183,118",2,上行,BR10,BR 忠孝復興,183,118,2,1,1,1,2025-07-14 22:05:43,2025-07-14 22:05:43
"127,120",1,下行,BR09,BR 大安,127,120,2,2,1,2,2025-07-14 22:05:31,2025-07-14 22:05:31
"103,194",1,下行,BR07,六張犁,103,194,2,2,2,2,2025-07-14 22:05:24,2025-07-14 22:05:24
"101,114",1,下行,BR12,中山國中,101,114,2,2,2,2,2025-07-14 22:05:24,2025-07-14 22:05:24
"129,198",1,下行,BR17,港漧,129,198,1,1,1,1,2025-07-14 22:04:58,2025-07-14 22:04:58
"191,126",2,上行,BR12,中山國中,191,126,2,2,1,1,2025-07-14 22:04:57,2025-07-14 22:04:57
"157,112",1,下行,BR14,大直,157,112,1,1,1,2,2025-07-14 22:04:49,2025-07-14 22:04:49
"113,104",1,下行,BR20,大湖公園,113,104,1,1,1,1,2025-07-14 22:04:43,2025-07-14 22:04:43
"137,200",2,上行,BR15,劍南路,137,200,2,2,1,1,2025-07-14 22:04:10,2025-07-14 22:04:10
"199,128",1,下行,BR23,南港軟體園區,199,128,1,1,1,1,2025-07-14 22:04:09,2025-07-14 22:04:09
"111,142",1,下行,BR01,動物園,111,142,1,1,1,1,2025-07-14 22:04:04,2025-07-14 22:04:04
"183,118",2,上行,BR09,BR 大安,183,118,1,1,1,1,2025-07-14 22:03:52,2025-07-14 22:03:52
"127,120",1,下行,BR10,BR 忠孝復興,127,120,2,1,1,2,2025-07-14 22:03:50,2025-07-14 22:03:50
"133,166",2,上行,BR19,內湖,133,166,2,1,1,1,2025-07-14 22:03:45,2025-07-14 22:03:45
"191,126",2,上行,BR11,BR 南京復興,191,126,2,2,1,1,2025-07-14 22:03:21,2025-07-14 22:03:21
"135,201",2,上行,BR24,BR 南港展覽館,135,201,1,1,1,1,2025-07-14 22:03:14,2025-07-14 22:03:14
"111,142",2,上行,BR02,木柵,111,142,1,1,1,1,2025-07-14 22:12:25,2025-07-14 22:12:25
"183,118",2,上行,BR13,松山機場,183,118,1,1,1,2,2025-07-14 22:11:53,2025-07-14 22:11:53
"133,166",2,上行,BR23,南港軟體園區,133,166,1,1,1,1,2025-07-14 22:11:47,2025-07-14 22:11:47
"113,104",1,下行,BR16,西湖,113,104,1,1,1,1,2025-07-14 22:11:44,2025-07-14 22:11:44
"127,120",1,下行,BR06,麟光,127,120,1,1,1,1,2025-07-14 22:11:09,2025-07-14 22:11:09
"191,126",2,上行,BR14,大直,191,126,2,1,2,3,2025-07-14 22:11:02,2025-07-14 22:11:02
"101,114",1,下行,BR09,BR 大安,101,114,2,3,2,2,2025-07-14 22:10:58,2025-07-14 22:10:58
"157,112",1,下行,BR12,中山國中,157,112,1,1,1,2,2025-07-14 22:10:52,2025-07-14 22:10:52
"129,198",1,下行,BR14,大直,129,198,2,2,1,1,2025-07-14 22:10:48,2025-07-14 22:10:48
"199,128",1,下行,BR20,大湖公園,199,128,1,1,1,1,2025-07-14 22:10:38,2025-07-14 22:10:38
"111,142",2,上行,BR01,動物園,111,142,1,1,1,1,2025-07-14 22:10:32,2025-07-14 22:10:32
"113,104",1,下行,BR17,港漧,113,104,1,1,1,1,2025-07-14 22:10:15,2025-07-14 22:10:15
"137,200",2,上行,BR18,文德,137,200,2,1,1,1,2025-07-14 22:09:50,2025-07-14 22:09:50
"127,120",1,下行,BR07,六張犁,127,120,2,1,1,1,2025-07-14 22:09:34,2025-07-14 22:09:34
"187,188",2,上行,BR15,劍南路,187,188,2,2,2,2,2025-07-14 22:09:31,2025-07-14 22:09:31
"183,118",2,上行,BR12,中山國中,183,118,1,1,1,1,2025-07-14 22:09:18,2025-07-14 22:09:18
"177,170",2,上行,BR05,辛亥,177,170,1,1,1,1,2025-07-14 22:09:17,2025-07-14 22:09:17
"101,114",1,下行,BR10,BR 忠孝復興,101,114,2,2,2,2,2025-07-14 22:09:16,2025-07-14 22:09:16
"103,194",1,下行,BR05,辛亥,103,194,1,2,1,1,2025-07-14 22:09:14,2025-07-14 22:09:14
"129,198",1,下行,BR15,劍南路,129,198,1,1,1,1,2025-07-14 22:08:46,2025-07-14 22:08:46
"183,118",2,上行,BR15,劍南路,183,118,1,1,1,1,2025-07-14 22:17:27,2025-07-14 22:17:27
"199,128",1,下行,BR16,西湖,199,128,1,1,1,1,2025-07-14 22:17:20,2025-07-14 22:17:20
"135,201",1,下行,BR22,東湖,135,201,1,1,1,1,2025-07-14 22:17:16,2025-07-14 22:17:16
"191,126",2,上行,BR17,港漧,191,126,1,1,2,1,2025-07-14 22:17:15,2025-07-14 22:17:15
"129,198",1,下行,BR12,中山國中,129,198,2,2,2,2,2025-07-14 22:16:51,2025-07-14 22:16:51
"101,114",1,下行,BR06,麟光,101,114,1,1,1,1,2025-07-14 22:16:36,2025-07-14 22:16:36
"177,170",2,上行,BR09,BR 大安,177,170,1,1,2,2,2025-07-14 22:16:33,2025-07-14 22:16:33
"157,112",1,下行,BR09,BR 大安,157,112,2,1,2,2,2025-07-14 22:16:24,2025-07-14 22:16:24
"111,142",2,上行,BR04,萬芳醫院,111,142,1,1,1,1,2025-07-14 22:16:15,2025-07-14 22:16:15
"113,104",1,下行,BR14,大直,113,104,2,2,2,2,2025-07-14 22:16:05,2025-07-14 22:16:05
"127,120",1,下行,BR04,萬芳醫院,127,120,1,1,1,1,2025-07-14 22:15:58,2025-07-14 22:15:58
"147,144",2,上行,BR01,動物園,147,144,1,1,1,1,2025-07-14 22:15:56,2025-07-14 22:15:56
"103,194",1,下行,BR02,木柵,103,194,1,1,1,1,2025-07-14 22:15:47,2025-07-14 22:15:47
"199,128",1,下行,BR17,港漧,199,128,1,1,1,1,2025-07-14 22:15:44,2025-07-14 22:15:44
"169,180",2,上行,BR12,中山國中,169,180,2,1,1,2,2025-07-14 22:15:40,2025-07-14 22:15:40
"135,201",1,下行,BR23,南港軟體園區,135,201,1,2,1,1,2025-07-14 22:15:26,2025-07-14 22:15:26
"183,118",2,上行,BR14,大直,183,118,1,1,1,2,2025-07-14 22:15:23,2025-07-14 22:15:23
"191,126",2,上行,BR16,西湖,191,126,2,1,2,3,2025-07-14 22:15:20,2025-07-14 22:15:20
"101,114",1,下行,BR07,六張犁,101,114,2,2,2,1,2025-07-14 22:15:00,2025-07-14 22:15:00
"157,112",1,下行,BR10,BR 忠孝復興,157,112,2,2,1,2,2025-07-14 22:14:28,2025-07-14 22:14:28
"103,194",1,下行,BR03,萬芳社區,103,194,1,1,1,1,2025-07-14 22:14:27,2025-07-14 22:14:27
"133,166",2,上行,BR24,BR 南港展覽館,133,166,1,1,1,1,2025-07-14 22:14:18,2025-07-14 22:14:18
"169,180",2,上行,BR11,BR 南京復興,169,180,3,2,1,2,2025-07-14 22:14:07,2025-07-14 22:14:07
"113,104",1,下行,BR15,劍南路,113,104,2,2,1,2,2025-07-14 22:14:04,2025-07-14 22:14:04
"129,198",1,下行,BR13,松山機場,129,198,2,2,1,1,2025-07-14 22:14:03,2025-07-14 22:14:03
"177,170",2,上行,BR08,科技大樓,177,170,1,1,1,1,2025-07-14 22:13:53,2025-07-14 22:13:53
"111,142",2,上行,BR03,萬芳社區,111,142,1,1,1,1,2025-07-14 22:13:53,2025-07-14 22:13:53
"127,120",1,下行,BR05,辛亥,127,120,1,1,1,1,2025-07-14 22:13:44,2025-07-14 22:13:44
"103,194",1,下行,BR04,萬芳醫院,103,194,1,1,1,1,2025-07-14 22:13:12,2025-07-14 22:13:12
"129,198",1,下行,BR09,BR 大安,129,198,3,3,2,2,2025-07-14 22:22:22,2025-07-14 22:22:22
"113,104",1,下行,BR12,中山國中,113,104,2,2,2,2,2025-07-14 22:22:07,2025-07-14 22:22:07
"157,112",1,下行,BR06,麟光,157,112,2,2,1,1,2025-07-14 22:22:04,2025-07-14 22:22:04
"147,144",2,上行,BR04,萬芳醫院,147,144,1,1,1,1,2025-07-14 22:21:55,2025-07-14 22:21:55
"191,126",2,上行,BR19,內湖,191,126,1,1,1,1,2025-07-14 22:21:39,2025-07-14 22:21:39
"199,128",1,下行,BR14,大直,199,128,2,1,1,2,2025-07-14 22:21:36,2025-07-14 22:21:36
"101,114",1,下行,BR04,萬芳醫院,101,114,1,1,1,1,2025-07-14 22:21:26,2025-07-14 22:21:26
"135,201",1,下行,BR20,大湖公園,135,201,1,1,1,1,2025-07-14 22:21:23,2025-07-14 22:21:23
"183,118",2,上行,BR17,港漧,183,118,1,1,2,2,2025-07-14 22:21:11,2025-07-14 22:21:11
"111,142",2,上行,BR06,麟光,111,142,1,1,1,1,2025-07-14 22:21:11,2025-07-14 22:21:11
"137,200",2,上行,BR23,南港軟體園區,137,200,1,1,1,1,2025-07-14 22:21:10,2025-07-14 22:21:10
"157,112",1,下行,BR07,六張犁,157,112,2,2,1,1,2025-07-14 22:20:27,2025-07-14 22:20:27
"127,120",1,下行,BR02,木柵,127,120,1,1,1,1,2025-07-14 22:20:02,2025-07-14 22:20:02
"183,118",2,上行,BR16,西湖,183,118,1,1,2,2,2025-07-14 22:19:40,2025-07-14 22:19:40
"199,128",1,下行,BR15,劍南路,199,128,2,1,1,2,2025-07-14 22:19:36,2025-07-14 22:19:36
"169,180",2,上行,BR13,松山機場,169,180,2,2,2,2,2025-07-14 22:19:23,2025-07-14 22:19:23
"113,104",1,下行,BR13,松山機場,113,104,2,2,2,2,2025-07-14 22:19:20,2025-07-14 22:19:20
"147,144",2,上行,BR03,萬芳社區,147,144,1,1,1,1,2025-07-14 22:19:20,2025-07-14 22:19:20
"137,200",2,上行,BR22,東湖,137,200,1,1,1,1,2025-07-14 22:19:19,2025-07-14 22:19:19
"101,114",1,下行,BR05,辛亥,101,114,1,1,1,1,2025-07-14 22:19:10,2025-07-14 22:19:10
"135,201",1,下行,BR21,葫洲,135,201,1,1,1,1,2025-07-14 22:19:00,2025-07-14 22:19:00
"191,126",2,上行,BR18,文德,191,126,1,1,2,1,2025-07-14 22:18:51,2025-07-14 22:18:51
"111,142",2,上行,BR05,辛亥,111,142,1,1,1,1,2025-07-14 22:18:38,2025-07-14 22:18:38
"127,120",1,下行,BR03,萬芳社區,127,120,1,1,1,1,2025-07-14 22:18:33,2025-07-14 22:18:33
"129,198",1,下行,BR11,BR 南京復興,129,198,2,1,2,2,2025-07-14 22:18:24,2025-07-14 22:18:24
"103,194",1,下行,BR01,動物園,103,194,1,1,1,1,2025-07-14 22:18:11,2025-07-14 22:18:11
"111,142",2,上行,BR09,BR 大安,111,142,1,1,1,2,2025-07-14 22:26:57,2025-07-14 22:26:57
"135,201",1,下行,BR17,港漧,135,201,1,1,1,1,2025-07-14 22:26:57,2025-07-14 22:26:57
"147,144",2,上行,BR06,麟光,147,144,1,1,1,1,2025-07-14 22:26:38,2025-07-14 22:26:38
"133,166",1,下行,BR23,南港軟體園區,133,166,1,1,1,1,2025-07-14 22:26:26,2025-07-14 22:26:26
"191,126",2,上行,BR21,葫洲,191,126,1,1,2,1,2025-07-14 22:26:22,2025-07-14 22:26:22
"129,198",1,下行,BR07,六張犁,129,198,2,2,2,2,2025-07-14 22:26:13,2025-07-14 22:26:13
"177,170",2,上行,BR13,松山機場,177,170,1,2,2,3,2025-07-14 22:26:01,2025-07-14 22:26:01
"113,104",1,下行,BR10,BR 忠孝復興,113,104,2,2,1,2,2025-07-14 22:25:59,2025-07-14 22:25:59
"101,114",1,下行,BR02,木柵,101,114,1,1,1,1,2025-07-14 22:25:31,2025-07-14 22:25:31
"111,142",2,上行,BR08,科技大樓,111,142,1,1,1,1,2025-07-14 22:25:16,2025-07-14 22:25:16
"199,128",1,下行,BR13,松山機場,199,128,1,1,2,2,2025-07-14 22:24:58,2025-07-14 22:24:58
"135,201",1,下行,BR18,文德,135,201,1,1,1,1,2025-07-14 22:24:49,2025-07-14 22:24:49
"147,144",2,上行,BR05,辛亥,147,144,1,1,1,1,2025-07-14 22:24:05,2025-07-14 22:24:05
"101,114",1,下行,BR03,萬芳社區,101,114,1,1,1,1,2025-07-14 22:24:01,2025-07-14 22:24:01
"129,198",1,下行,BR08,科技大樓,129,198,2,2,2,2,2025-07-14 22:23:56,2025-07-14 22:23:56
"113,104",1,下行,BR11,BR 南京復興,113,104,2,2,2,2,2025-07-14 22:23:49,2025-07-14 22:23:49
"137,200",2,上行,BR24,BR 南港展覽館,137,200,1,1,1,1,2025-07-14 22:23:35,2025-07-14 22:23:35
"191,126",2,上行,BR20,大湖公園,191,126,1,1,2,1,2025-07-14 22:23:23,2025-07-14 22:23:23
"183,118",2,上行,BR18,文德,183,118,1,1,1,1,2025-07-14 22:23:20,2025-07-14 22:23:20
"147,144",2,上行,BR09,BR 大安,147,144,1,1,1,2,2025-07-14 22:32:25,2025-07-14 22:32:25
"111,142",2,上行,BR12,中山國中,111,142,2,1,1,2,2025-07-14 22:32:23,2025-07-14 22:32:23
"113,104",1,下行,BR07,六張犁,113,104,2,2,1,1,2025-07-14 22:31:41,2025-07-14 22:31:41
"187,188",1,下行,BR24,BR 南港展覽館,187,188,1,1,1,1,2025-07-14 22:31:34,2025-07-14 22:31:34
"111,142",2,上行,BR11,BR 南京復興,111,142,2,2,1,2,2025-07-14 22:30:48,2025-07-14 22:30:48
"135,201",1,下行,BR15,劍南路,135,201,1,1,1,1,2025-07-14 22:30:47,2025-07-14 22:30:47
"147,144",2,上行,BR08,科技大樓,147,144,1,1,1,1,2025-07-14 22:30:43,2025-07-14 22:30:43
"183,118",2,上行,BR21,葫洲,183,118,1,1,1,1,2025-07-14 22:30:41,2025-07-14 22:30:41
"103,194",2,上行,BR03,萬芳社區,103,194,1,1,1,1,2025-07-14 22:30:33,2025-07-14 22:30:33
"133,166",1,下行,BR21,葫洲,133,166,1,1,1,1,2025-07-14 22:30:01,2025-07-14 22:30:01
"191,126",2,上行,BR23,南港軟體園區,191,126,1,1,1,1,2025-07-14 22:29:35,2025-07-14 22:29:35
"199,128",1,下行,BR11,BR 南京復興,199,128,2,1,2,2,2025-07-14 22:29:29,2025-07-14 22:29:29
"157,112",1,下行,BR03,萬芳社區,157,112,1,1,1,1,2025-07-14 22:29:26,2025-07-14 22:29:26
"113,104",1,下行,BR08,科技大樓,113,104,2,2,1,2,2025-07-14 22:29:13,2025-07-14 22:29:13
"103,194",2,上行,BR02,木柵,103,194,1,1,1,1,2025-07-14 22:29:05,2025-07-14 22:29:05
"111,142",2,上行,BR10,BR 忠孝復興,111,142,2,1,1,2,2025-07-14 22:28:49,2025-07-14 22:28:49
"135,201",1,下行,BR16,西湖,135,201,1,1,1,1,2025-07-14 22:28:27,2025-07-14 22:28:27
"191,126",2,上行,BR22,東湖,191,126,1,1,1,1,2025-07-14 22:28:19,2025-07-14 22:28:19
"147,144",2,上行,BR07,六張犁,147,144,1,1,1,1,2025-07-14 22:28:16,2025-07-14 22:28:16
"133,166",1,下行,BR22,東湖,133,166,1,1,1,1,2025-07-14 22:28:16,2025-07-14 22:28:16
"199,128",1,下行,BR07,六張犁,199,128,2,1,1,1,2025-07-14 22:37:05,2025-07-14 22:37:05
"183,118",2,上行,BR24,BR 南港展覽館,183,118,1,1,1,1,2025-07-14 22:36:50,2025-07-14 22:36:50
"147,144",2,上行,BR11,BR 南京復興,147,144,2,2,2,2,2025-07-14 22:36:04,2025-07-14 22:36:04
"135,201",1,下行,BR13,松山機場,135,201,1,1,1,1,2025-07-14 22:36:02,2025-07-14 22:36:02
"113,104",1,下行,BR05,辛亥,113,104,1,1,1,1,2025-07-14 22:35:52,2025-07-14 22:35:52
"133,166",1,下行,BR18,文德,133,166,1,1,1,1,2025-07-14 22:35:48,2025-07-14 22:35:48
"129,198",1,下行,BR03,萬芳社區,129,198,1,1,1,1,2025-07-14 22:35:22,2025-07-14 22:35:22
"103,194",2,上行,BR05,辛亥,103,194,1,1,1,1,2025-07-14 22:35:08,2025-07-14 22:35:08
"111,142",2,上行,BR13,松山機場,111,142,1,1,1,2,2025-07-14 22:35:04,2025-07-14 22:35:04
"199,128",1,下行,BR08,科技大樓,199,128,2,1,1,1,2025-07-14 22:34:53,2025-07-14 22:34:53
"127,120",2,上行,BR02,木柵,127,120,1,1,1,1,2025-07-14 22:34:24,2025-07-14 22:34:24
"147,144",2,上行,BR10,BR 忠孝復興,147,144,2,1,2,2,2025-07-14 22:34:13,2025-07-14 22:34:13
"133,166",1,下行,BR19,內湖,133,166,1,1,1,1,2025-07-14 22:34:04,2025-07-14 22:34:04
"185,176",1,下行,BR22,東湖,185,176,1,1,1,1,2025-07-14 22:33:20,2025-07-14 22:33:20
"199,128",1,下行,BR09,BR 大安,199,128,2,1,1,2,2025-07-14 22:33:19,2025-07-14 22:33:19
"113,104",1,下行,BR06,麟光,113,104,2,1,1,1,2025-07-14 22:33:17,2025-07-14 22:33:17
"103,194",2,上行,BR04,萬芳醫院,103,194,1,1,1,1,2025-07-14 22:33:09,2025-07-14 22:33:09
"113,104",1,下行,BR02,木柵,113,104,1,1,1,1,2025-07-14 22:42:10,2025-07-14 22:42:10
"129,198",1,下行,BR01,動物園,129,198,1,1,1,1,2025-07-14 22:41:33,2025-07-14 22:41:33
"103,194",2,上行,BR08,科技大樓,103,194,1,1,1,1,2025-07-14 22:41:32,2025-07-14 22:41:32
"133,166",1,下行,BR15,劍南路,133,166,1,1,1,1,2025-07-14 22:41:32,2025-07-14 22:41:32
"101,114",2,上行,BR03,萬芳社區,101,114,1,1,1,1,2025-07-14 22:41:20,2025-07-14 22:41:20
"113,104",1,下行,BR03,萬芳社區,113,104,1,1,1,1,2025-07-14 22:40:40,2025-07-14 22:40:40
"127,120",2,上行,BR05,辛亥,127,120,1,1,1,1,2025-07-14 22:40:39,2025-07-14 22:40:39
"147,144",2,上行,BR13,松山機場,147,144,2,1,2,1,2025-07-14 22:40:37,2025-07-14 22:40:37
"183,118",2,上行,BR24,BR 南港展覽館,183,118,1,1,1,1,2025-07-14 22:40:33,2025-07-14 22:40:33
"135,201",1,下行,BR11,BR 南京復興,135,201,1,1,1,1,2025-07-14 22:40:32,2025-07-14 22:40:32
"111,142",2,上行,BR15,劍南路,111,142,1,1,1,1,2025-07-14 22:40:31,2025-07-14 22:40:31
"101,114",2,上行,BR02,木柵,101,114,1,1,1,1,2025-07-14 22:39:51,2025-07-14 22:39:51
"133,166",1,下行,BR16,西湖,133,166,1,1,1,1,2025-07-14 22:39:28,2025-07-14 22:39:28
"135,201",1,下行,BR12,中山國中,135,201,1,1,1,1,2025-07-14 22:38:50,2025-07-14 22:38:50
"199,128",1,下行,BR06,麟光,199,128,2,2,1,1,2025-07-14 22:38:42,2025-07-14 22:38:42
"111,142",2,上行,BR14,大直,111,142,1,1,1,1,2025-07-14 22:38:29,2025-07-14 22:38:29
"127,120",2,上行,BR04,萬芳醫院,127,120,1,1,1,1,2025-07-14 22:38:29,2025-07-14 22:38:29
"127,120",2,上行,BR08,科技大樓,127,120,1,1,1,1,2025-07-14 22:47:17,2025-07-14 22:47:17
"191,126",1,下行,BR21,葫洲,191,126,1,1,1,1,2025-07-14 22:47:14,2025-07-14 22:47:14
"103,194",2,上行,BR11,BR 南京復興,103,194,2,2,1,2,2025-07-14 22:47:13,2025-07-14 22:47:13
"133,166",1,下行,BR13,松山機場,133,166,1,1,1,1,2025-07-14 22:47:02,2025-07-14 22:47:02
"187,188",1,下行,BR18,文德,187,188,1,1,1,1,2025-07-14 22:47:00,2025-07-14 22:47:00
"157,112",2,上行,BR03,萬芳社區,157,112,1,1,1,1,2025-07-14 22:47:00,2025-07-14 22:47:00
"185,176",1,下行,BR15,劍南路,185,176,1,1,1,1,2025-07-14 22:46:59,2025-07-14 22:46:59
"177,170",2,上行,BR23,南港軟體園區,177,170,1,1,1,1,2025-07-14 22:46:34,2025-07-14 22:46:34
"111,142",2,上行,BR18,文德,111,142,1,1,1,1,2025-07-14 22:46:25,2025-07-14 22:46:25
"199,128",1,下行,BR03,萬芳社區,199,128,1,1,1,1,2025-07-14 22:46:10,2025-07-14 22:46:10
"101,114",2,上行,BR05,辛亥,101,114,1,1,1,1,2025-07-14 22:46:05,2025-07-14 22:46:05
"147,144",2,上行,BR15,劍南路,147,144,1,1,1,1,2025-07-14 22:46:00,2025-07-14 22:46:00
"135,201",1,下行,BR08,科技大樓,135,201,1,1,1,1,2025-07-14 22:45:55,2025-07-14 22:45:55
"157,112",2,上行,BR02,木柵,157,112,1,1,1,1,2025-07-14 22:45:31,2025-07-14 22:45:31
"191,126",1,下行,BR22,東湖,191,126,1,1,1,1,2025-07-14 22:45:30,2025-07-14 22:45:30
"187,188",1,下行,BR19,內湖,187,188,1,1,1,1,2025-07-14 22:45:16,2025-07-14 22:45:16
"103,194",2,上行,BR10,BR 忠孝復興,103,194,1,1,1,1,2025-07-14 22:45:15,2025-07-14 22:45:15
"127,120",2,上行,BR07,六張犁,127,120,1,1,1,1,2025-07-14 22:44:51,2025-07-14 22:44:51
"113,104",1,下行,BR01,動物園,113,104,1,1,1,1,2025-07-14 22:44:48,2025-07-14 22:44:48
"177,170",2,上行,BR22,東湖,177,170,1,1,1,1,2025-07-14 22:44:42,2025-07-14 22:44:42
"185,176",1,下行,BR16,西湖,185,176,1,1,1,1,2025-07-14 22:44:40,2025-07-14 22:44:40
"111,142",2,上行,BR17,港漧,111,142,1,1,1,1,2025-07-14 22:44:14,2025-07-14 22:44:14
"135,201",1,下行,BR09,BR 大安,135,201,2,1,1,1,2025-07-14 22:44:06,2025-07-14 22:44:06
"101,114",2,上行,BR04,萬芳醫院,101,114,1,1,1,1,2025-07-14 22:43:56,2025-07-14 22:43:56
"147,144",2,上行,BR14,大直,147,144,1,1,1,1,2025-07-14 22:43:55,2025-07-14 22:43:55
"191,126",1,下行,BR23,南港軟體園區,191,126,1,1,1,1,2025-07-14 22:43:40,2025-07-14 22:43:40
"187,188",1,下行,BR20,大湖公園,187,188,1,1,1,1,2025-07-14 22:43:38,2025-07-14 22:43:38
"199,128",1,下行,BR04,萬芳醫院,199,128,1,1,1,1,2025-07-14 22:43:34,2025-07-14 22:43:34
"133,166",1,下行,BR14,大直,133,166,1,1,1,1,2025-07-14 22:43:33,2025-07-14 22:43:33
"103,194",2,上行,BR09,BR 大安,103,194,1,1,1,1,2025-07-14 22:43:25,2025-07-14 22:43:25
"127,120",2,上行,BR06,麟光,127,120,1,1,1,1,2025-07-14 22:43:12,2025-07-14 22:43:12
"185,176",1,下行,BR17,港漧,185,176,1,1,1,1,2025-07-14 22:43:10,2025-07-14 22:43:10
"185,176",1,下行,BR04,萬芳醫院,185,176,1,1,1,1,2025-07-14 23:12:16,2025-07-14 23:12:16
"199,128",2,上行,BR09,BR 大安,199,128,1,1,1,1,2025-07-14 23:12:05,2025-07-14 23:12:05
"147,144",1,下行,BR24,BR 南港展覽館,147,144,1,1,1,1,2025-07-14 23:11:59,2025-07-14 23:11:59
"101,114",2,上行,BR16,西湖,101,114,1,1,1,1,2025-07-14 23:11:30,2025-07-14 23:11:30
"183,118",1,下行,BR13,松山機場,183,118,1,1,1,1,2025-07-14 23:11:28,2025-07-14 23:11:28
"129,198",2,上行,BR11,BR 南京復興,129,198,1,1,1,1,2025-07-14 23:11:20,2025-07-14 23:11:20
"189,172",2,上行,BR06,麟光,189,172,1,1,1,1,2025-07-14 23:11:00,2025-07-14 23:11:00
"103,194",2,上行,BR21,葫洲,103,194,1,1,1,1,2025-07-14 23:10:23,2025-07-14 23:10:23
"187,188",1,下行,BR08,科技大樓,187,188,1,1,1,1,2025-07-14 23:10:22,2025-07-14 23:10:22
"157,112",2,上行,BR13,松山機場,157,112,1,1,1,1,2025-07-14 23:10:20,2025-07-14 23:10:20
"199,128",2,上行,BR08,科技大樓,199,128,1,1,1,1,2025-07-14 23:10:04,2025-07-14 23:10:04
"185,176",1,下行,BR05,辛亥,185,176,1,1,1,1,2025-07-14 23:10:01,2025-07-14 23:10:01
"127,120",2,上行,BR18,文德,127,120,1,1,1,1,2025-07-14 23:09:49,2025-07-14 23:09:49
"133,166",1,下行,BR02,木柵,133,166,1,1,1,1,2025-07-14 23:09:39,2025-07-14 23:09:39
"191,126",1,下行,BR11,BR 南京復興,191,126,1,1,1,1,2025-07-14 23:09:37,2025-07-14 23:09:37
"187,188",1,下行,BR09,BR 大安,187,188,2,1,1,1,2025-07-14 23:08:40,2025-07-14 23:08:40
"129,198",2,上行,BR10,BR 忠孝復興,129,198,1,1,1,1,2025-07-14 23:08:36,2025-07-14 23:08:36
"133,166",1,下行,BR03,萬芳社區,133,166,1,1,1,1,2025-07-14 23:08:35,2025-07-14 23:08:35
"101,114",2,上行,BR15,劍南路,101,114,1,1,1,1,2025-07-14 23:08:30,2025-07-14 23:08:30
"183,118",1,下行,BR14,大直,183,118,1,1,1,1,2025-07-14 23:08:12,2025-07-14 23:08:12
"189,172",2,上行,BR05,辛亥,189,172,1,1,1,1,2025-07-14 23:08:11,2025-07-14 23:08:11
"127,120",2,上行,BR21,葫洲,127,120,1,1,1,1,2025-07-14 23:17:21,2025-07-14 23:17:21
"199,128",2,上行,BR11,BR 南京復興,199,128,1,1,1,1,2025-07-14 23:17:09,2025-07-14 23:17:09
"183,118",1,下行,BR11,BR 南京復興,183,118,1,1,1,1,2025-07-14 23:16:50,2025-07-14 23:16:50
"191,126",1,下行,BR08,科技大樓,191,126,1,1,1,1,2025-07-14 23:16:34,2025-07-14 23:16:34
"129,198",2,上行,BR13,松山機場,129,198,1,1,1,1,2025-07-14 23:16:33,2025-07-14 23:16:33
"185,176",1,下行,BR02,木柵,185,176,1,1,1,1,2025-07-14 23:16:20,2025-07-14 23:16:20
"147,144",1,下行,BR22,東湖,147,144,1,1,1,1,2025-07-14 23:16:05,2025-07-14 23:16:05
"157,112",2,上行,BR15,劍南路,157,112,1,1,1,1,2025-07-14 23:15:52,2025-07-14 23:15:52
"189,172",2,上行,BR08,科技大樓,189,172,1,1,1,1,2025-07-14 23:15:49,2025-07-14 23:15:49
"169,180",1,下行,BR14,大直,169,180,1,1,1,1,2025-07-14 23:15:36,2025-07-14 23:15:36
"101,114",2,上行,BR18,文德,101,114,1,1,1,1,2025-07-14 23:15:35,2025-07-14 23:15:35
"135,201",2,上行,BR03,萬芳社區,135,201,1,1,1,1,2025-07-14 23:15:34,2025-07-14 23:15:34
"187,188",1,下行,BR06,麟光,187,188,1,1,1,1,2025-07-14 23:15:10,2025-07-14 23:15:10
"169,180",1,下行,BR15,劍南路,169,180,1,1,1,1,2025-07-14 23:14:58,2025-07-14 23:14:58
"185,176",1,下行,BR03,萬芳社區,185,176,1,1,1,1,2025-07-14 23:14:53,2025-07-14 23:14:53
"191,126",1,下行,BR09,BR 大安,191,126,1,1,1,1,2025-07-14 23:14:41,2025-07-14 23:14:41
"103,194",2,上行,BR23,南港軟體園區,103,194,1,1,1,1,2025-07-14 23:14:40,2025-07-14 23:14:40
"183,118",1,下行,BR12,中山國中,183,118,1,1,1,1,2025-07-14 23:14:37,2025-07-14 23:14:37
"199,128",2,上行,BR10,BR 忠孝復興,199,128,1,1,1,1,2025-07-14 23:14:24,2025-07-14 23:14:24
"127,120",2,上行,BR20,大湖公園,127,120,1,1,1,1,2025-07-14 23:14:11,2025-07-14 23:14:11
"135,201",2,上行,BR02,木柵,135,201,1,1,1,1,2025-07-14 23:14:06,2025-07-14 23:14:06
"147,144",1,下行,BR23,南港軟體園區,147,144,1,1,1,1,2025-07-14 23:13:48,2025-07-14 23:13:48
"129,198",2,上行,BR12,中山國中,129,198,1,1,1,1,2025-07-14 23:13:25,2025-07-14 23:13:25
"101,114",2,上行,BR17,港漧,101,114,1,1,1,1,2025-07-14 23:13:24,2025-07-14 23:13:24
"187,188",1,下行,BR07,六張犁,187,188,1,1,1,1,2025-07-14 23:13:13,2025-07-14 23:13:13
"199,128",2,上行,BR13,松山機場,199,128,1,1,1,1,2025-07-14 23:22:16,2025-07-14 23:22:16
"129,198",2,上行,BR15,劍南路,129,198,1,1,1,1,2025-07-14 23:22:04,2025-07-14 23:22:04
"183,118",1,下行,BR09,BR 大安,183,118,1,1,1,1,2025-07-14 23:21:53,2025-07-14 23:21:53
"127,120",2,上行,BR23,南港軟體園區,127,120,1,1,1,1,2025-07-14 23:21:34,2025-07-14 23:21:34
"191,126",1,下行,BR06,麟光,191,126,1,1,1,1,2025-07-14 23:21:23,2025-07-14 23:21:23
"147,144",1,下行,BR20,大湖公園,147,144,1,1,1,1,2025-07-14 23:21:16,2025-07-14 23:21:16
"157,112",2,上行,BR17,港漧,157,112,1,1,1,1,2025-07-14 23:20:46,2025-07-14 23:20:46
"187,188",1,下行,BR04,萬芳醫院,187,188,1,1,1,1,2025-07-14 23:20:08,2025-07-14 23:20:08
"135,201",2,上行,BR05,辛亥,135,201,1,1,1,1,2025-07-14 23:20:07,2025-07-14 23:20:07
"101,114",2,上行,BR20,大湖公園,101,114,1,1,1,1,2025-07-14 23:20:06,2025-07-14 23:20:06
"129,198",2,上行,BR14,大直,129,198,1,1,1,1,2025-07-14 23:19:51,2025-07-14 23:19:51
"183,118",1,下行,BR10,BR 忠孝復興,183,118,1,1,1,1,2025-07-14 23:19:44,2025-07-14 23:19:44
"191,126",1,下行,BR07,六張犁,191,126,1,1,1,1,2025-07-14 23:19:25,2025-07-14 23:19:25
"127,120",2,上行,BR22,東湖,127,120,1,1,1,1,2025-07-14 23:19:20,2025-07-14 23:19:20
"199,128",2,上行,BR12,中山國中,199,128,1,1,1,1,2025-07-14 23:19:13,2025-07-14 23:19:13
"169,180",1,下行,BR13,松山機場,169,180,1,1,1,1,2025-07-14 23:19:03,2025-07-14 23:19:03
"157,112",2,上行,BR16,西湖,157,112,1,1,1,1,2025-07-14 23:18:53,2025-07-14 23:18:53
"185,176",1,下行,BR01,動物園,185,176,1,1,1,1,2025-07-14 23:18:47,2025-07-14 23:18:47
"135,201",2,上行,BR04,萬芳醫院,135,201,1,1,1,1,2025-07-14 23:18:09,2025-07-14 23:18:09
"175,190",2,上行,BR22,東湖,175,190,1,1,1,1,2025-07-15 19:42:25,2025-07-15 19:42:25
"131,174",1,下行,BR09,BR 大安,131,174,2,2,1,2,2025-07-15 19:42:23,2025-07-15 19:42:23
"177,170",2,上行,BR11,BR 南京復興,177,170,1,1,1,1,2025-07-15 19:42:22,2025-07-15 19:42:22
"129,198",1,下行,BR05,辛亥,129,198,1,1,1,1,2025-07-15 19:42:19,2025-07-15 19:42:19
"125,139",2,上行,BR20,大湖公園,125,139,1,1,2,1,2025-07-15 19:42:18,2025-07-15 19:42:18
"185,176",2,上行,BR07,六張犁,185,176,1,1,1,1,2025-07-15 19:42:17,2025-07-15 19:42:17
"103,194",1,下行,BR06,麟光,103,194,3,3,1,1,2025-07-15 19:42:12,2025-07-15 19:42:12
"157,112",1,下行,BR08,科技大樓,157,112,1,2,2,2,2025-07-15 19:42:12,2025-07-15 19:42:12
"121,164",2,上行,BR16,西湖,121,164,1,1,2,2,2025-07-15 19:42:10,2025-07-15 19:42:10
"27,2",1,下行,BR16,西湖,27,2,2,1,1,2,2025-07-15 19:42:03,2025-07-15 19:42:03
"127,120",2,上行,BR14,大直,127,120,1,1,1,1,2025-07-15 19:42:00,2025-07-15 19:42:00
"9,4",2,上行,BR15,劍南路,9,4,2,1,1,1,2025-07-15 19:41:58,2025-07-15 19:41:58
"199,128",1,下行,BR12,中山國中,199,128,3,3,2,3,2025-07-15 19:41:46,2025-07-15 19:41:46
"181,186",1,下行,BR01,動物園,181,186,1,1,1,1,2025-07-15 19:41:39,2025-07-15 19:41:39
"151,138",2,上行,BR05,辛亥,151,138,1,1,1,1,2025-07-15 19:41:38,2025-07-15 19:41:38
"135,201",1,下行,BR22,東湖,135,201,2,2,1,1,2025-07-15 19:41:38,2025-07-15 19:41:38
"197,132",1,下行,BR18,文德,197,132,1,1,1,1,2025-07-15 19:41:37,2025-07-15 19:41:37
"39,40",1,下行,BR15,劍南路,39,40,2,2,2,2,2025-07-15 19:41:30,2025-07-15 19:41:30
"187,188",1,下行,BR13,松山機場,187,188,3,2,2,3,2025-07-15 19:41:22,2025-07-15 19:41:22
"37,38",1,下行,BR20,大湖公園,37,38,1,2,1,1,2025-07-15 19:41:22,2025-07-15 19:41:22
"149,154",2,上行,BR17,港漧,149,154,1,1,2,1,2025-07-15 19:41:21,2025-07-15 19:41:21
"7,32",1,下行,BR11,BR 南京復興,7,32,3,3,3,3,2025-07-15 19:41:16,2025-07-15 19:41:16
"127,120",2,上行,BR13,松山機場,127,120,2,1,2,2,2025-07-15 19:41:07,2025-07-15 19:41:07
"41,34",1,下行,BR14,大直,41,34,3,2,2,3,2025-07-15 19:41:01,2025-07-15 19:41:01
"137,200",2,上行,BR18,文德,137,200,2,1,1,1,2025-07-15 19:41:00,2025-07-15 19:41:00
"125,139",2,上行,BR19,內湖,125,139,1,1,2,1,2025-07-15 19:40:55,2025-07-15 19:40:55
"11,16",2,上行,BR08,科技大樓,11,16,1,1,1,2,2025-07-15 19:40:52,2025-07-15 19:40:52
"185,176",2,上行,BR06,麟光,185,176,1,1,1,1,2025-07-15 19:40:39,2025-07-15 19:40:39
"131,174",1,下行,BR10,BR 忠孝復興,131,174,2,2,2,2,2025-07-15 19:40:38,2025-07-15 19:40:38
"1,30",2,上行,BR03,萬芳社區,1,30,1,1,1,1,2025-07-15 19:40:37,2025-07-15 19:40:37
"157,112",1,下行,BR09,BR 大安,157,112,2,2,2,2,2025-07-15 19:40:35,2025-07-15 19:40:35
"103,194",1,下行,BR07,六張犁,103,194,3,3,1,1,2025-07-15 19:40:34,2025-07-15 19:40:34
"107,178",1,下行,BR04,萬芳醫院,107,178,2,2,1,1,2025-07-15 19:40:33,2025-07-15 19:40:33
"31,44",1,下行,BR05,辛亥,31,44,1,2,1,1,2025-07-15 19:40:32,2025-07-15 19:40:32
"175,190",2,上行,BR21,葫洲,175,190,1,1,1,1,2025-07-15 19:40:30,2025-07-15 19:40:30
"171,158",2,上行,BR09,BR 大安,171,158,1,1,1,2,2025-07-15 19:40:28,2025-07-15 19:40:28
"165,184",2,上行,BR22,東湖,165,184,1,1,1,1,2025-07-15 19:40:26,2025-07-15 19:40:26
"177,170",2,上行,BR10,BR 忠孝復興,177,170,1,1,1,1,2025-07-15 19:40:24,2025-07-15 19:40:24
"27,2",1,下行,BR17,港漧,27,2,2,1,1,1,2025-07-15 19:40:23,2025-07-15 19:40:23
"43,36",2,上行,BR24,BR 南港展覽館,43,36,1,1,1,1,2025-07-15 19:40:22,2025-07-15 19:40:22
"197,132",1,下行,BR19,內湖,197,132,1,1,1,1,2025-07-15 19:40:12,2025-07-15 19:40:12
"133,166",2,上行,BR07,六張犁,133,166,1,1,1,1,2025-07-15 19:40:10,2025-07-15 19:40:10
"109,140",2,上行,BR23,南港軟體園區,109,140,1,1,1,1,2025-07-15 19:39:55,2025-07-15 19:39:55
"121,164",2,上行,BR15,劍南路,121,164,1,1,1,2,2025-07-15 19:39:54,2025-07-15 19:39:54
"9,4",2,上行,BR14,大直,9,4,2,1,1,1,2025-07-15 19:39:54,2025-07-15 19:39:54
"129,198",1,下行,BR06,麟光,129,198,1,1,1,1,2025-07-15 19:39:51,2025-07-15 19:39:51
"193,136",2,上行,BR12,中山國中,193,136,2,1,2,1,2025-07-15 19:39:51,2025-07-15 19:39:51
"149,154",2,上行,BR16,西湖,149,154,1,1,1,1,2025-07-15 19:39:50,2025-07-15 19:39:50
"135,201",1,下行,BR23,南港軟體園區,135,201,2,2,1,1,2025-07-15 19:39:48,2025-07-15 19:39:48
"181,186",1,下行,BR02,木柵,181,186,1,1,1,1,2025-07-15 19:39:32,2025-07-15 19:39:32
"151,138",2,上行,BR04,萬芳醫院,151,138,1,1,1,1,2025-07-15 19:39:29,2025-07-15 19:39:29
"1,30",2,上行,BR02,木柵,1,30,1,1,1,1,2025-07-15 19:39:25,2025-07-15 19:39:25
"137,200",2,上行,BR17,港漧,137,200,1,1,1,1,2025-07-15 19:39:22,2025-07-15 19:39:22
"7,32",1,下行,BR12,中山國中,7,32,3,3,3,3,2025-07-15 19:39:13,2025-07-15 19:39:13
"125,139",2,上行,BR18,文德,125,139,1,1,2,2,2025-07-15 19:39:11,2025-07-15 19:39:11
"37,38",1,下行,BR21,葫洲,37,38,1,2,2,1,2025-07-15 19:39:05,2025-07-15 19:39:05
"39,40",1,下行,BR16,西湖,39,40,2,2,2,2,2025-07-15 19:39:04,2025-07-15 19:39:04
"41,34",1,下行,BR15,劍南路,41,34,3,2,2,3,2025-07-15 19:38:49,2025-07-15 19:38:49
"157,112",1,下行,BR10,BR 忠孝復興,157,112,2,2,2,2,2025-07-15 19:38:49,2025-07-15 19:38:49
"199,128",1,下行,BR13,松山機場,199,128,3,3,2,3,2025-07-15 19:38:46,2025-07-15 19:38:46
"115,162",2,上行,BR19,內湖,115,162,1,1,1,2,2025-07-15 19:38:43,2025-07-15 19:38:43
"127,120",2,上行,BR13,松山機場,127,120,1,1,2,1,2025-07-15 19:38:42,2025-07-15 19:38:42
"27,2",1,下行,BR18,文德,27,2,1,1,1,1,2025-07-15 19:38:37,2025-07-15 19:38:37
"171,158",2,上行,BR08,科技大樓,171,158,1,1,1,1,2025-07-15 19:38:37,2025-07-15 19:38:37
"133,166",2,上行,BR06,麟光,133,166,1,1,1,1,2025-07-15 19:38:31,2025-07-15 19:38:31
"111,142",1,下行,BR09,BR 大安,111,142,3,3,2,2,2025-07-15 19:38:30,2025-07-15 19:38:30
"165,184",2,上行,BR21,葫洲,165,184,1,1,1,1,2025-07-15 19:38:29,2025-07-15 19:38:29
"131,174",1,下行,BR11,BR 南京復興,131,174,2,2,2,3,2025-07-15 19:38:24,2025-07-15 19:38:24
"35,14",2,上行,BR24,BR 南港展覽館,35,14,1,1,1,1,2025-07-15 19:38:23,2025-07-15 19:38:23
"177,170",2,上行,BR09,BR 大安,177,170,1,1,1,1,2025-07-15 19:38:22,2025-07-15 19:38:22
"107,178",1,下行,BR05,辛亥,107,178,3,2,1,1,2025-07-15 19:38:19,2025-07-15 19:38:19
"181,186",1,下行,BR03,萬芳社區,181,186,1,1,1,1,2025-07-15 19:38:18,2025-07-15 19:38:18
"197,132",1,下行,BR20,大湖公園,197,132,1,1,1,1,2025-07-15 19:38:15,2025-07-15 19:38:15
"109,140",2,上行,BR22,東湖,109,140,1,1,1,1,2025-07-15 19:38:15,2025-07-15 19:38:15
"11,16",2,上行,BR07,六張犁,11,16,1,1,1,1,2025-07-15 19:38:14,2025-07-15 19:38:14
"129,198",1,下行,BR07,六張犁,129,198,1,1,1,1,2025-07-15 19:38:14,2025-07-15 19:38:14
"185,176",2,上行,BR05,辛亥,185,176,1,1,1,1,2025-07-15 19:38:14,2025-07-15 19:38:14
"193,136",2,上行,BR11,BR 南京復興,193,136,2,2,2,2,2025-07-15 19:38:13,2025-07-15 19:38:13
"43,36",2,上行,BR23,南港軟體園區,43,36,1,1,1,1,2025-07-15 19:38:11,2025-07-15 19:38:11
"9,4",2,上行,BR18,文德,9,4,1,1,1,1,2025-07-15 19:47:25,2025-07-15 19:47:25
"1,30",2,上行,BR06,麟光,1,30,1,1,1,1,2025-07-15 19:47:23,2025-07-15 19:47:23
"195,122",2,上行,BR03,萬芳社區,195,122,1,1,1,1,2025-07-15 19:47:21,2025-07-15 19:47:21
"39,40",1,下行,BR13,松山機場,39,40,2,2,3,2,2025-07-15 19:47:09,2025-07-15 19:47:09
"35,14",1,下行,BR24,BR 南港展覽館,35,14,2,1,1,1,2025-07-15 19:47:07,2025-07-15 19:47:07
"103,194",1,下行,BR04,萬芳醫院,103,194,2,2,1,1,2025-07-15 19:46:56,2025-07-15 19:46:56
"7,32",1,下行,BR08,科技大樓,7,32,2,2,2,2,2025-07-15 19:46:51,2025-07-15 19:46:51
"177,170",2,上行,BR13,松山機場,177,170,1,1,1,1,2025-07-15 19:46:51,2025-07-15 19:46:51
"129,198",1,下行,BR03,萬芳社區,129,198,1,1,1,1,2025-07-15 19:46:50,2025-07-15 19:46:50
"137,200",2,上行,BR21,葫洲,137,200,1,1,1,1,2025-07-15 19:46:50,2025-07-15 19:46:50
"133,166",2,上行,BR10,BR 忠孝復興,133,166,2,1,1,1,2025-07-15 19:46:48,2025-07-15 19:46:48
"11,16",2,上行,BR11,BR 南京復興,11,16,1,1,1,1,2025-07-15 19:46:43,2025-07-15 19:46:43
"185,176",2,上行,BR09,BR 大安,185,176,1,1,1,1,2025-07-15 19:46:43,2025-07-15 19:46:43
"27,2",1,下行,BR14,大直,27,2,2,1,2,2,2025-07-15 19:46:41,2025-07-15 19:46:41
"131,174",1,下行,BR07,六張犁,131,174,1,1,1,1,2025-07-15 19:46:41,2025-07-15 19:46:41
"175,190",2,上行,BR24,BR 南港展覽館,175,190,1,1,1,1,2025-07-15 19:46:35,2025-07-15 19:46:35
"37,38",1,下行,BR17,港漧,37,38,1,1,1,1,2025-07-15 19:46:29,2025-07-15 19:46:29
"187,188",1,下行,BR11,BR 南京復興,187,188,3,2,2,3,2025-07-15 19:46:20,2025-07-15 19:46:20
"157,112",1,下行,BR06,麟光,157,112,1,1,2,2,2025-07-15 19:46:17,2025-07-15 19:46:17
"5,20",1,下行,BR22,東湖,5,20,1,1,1,1,2025-07-15 19:46:15,2025-07-15 19:46:15
"195,122",2,上行,BR02,木柵,195,122,1,1,1,1,2025-07-15 19:46:13,2025-07-15 19:46:13
"193,136",2,上行,BR14,大直,193,136,1,1,2,1,2025-07-15 19:46:12,2025-07-15 19:46:12
"31,44",1,下行,BR02,木柵,31,44,1,1,1,1,2025-07-15 19:46:08,2025-07-15 19:46:08
"171,158",2,上行,BR12,中山國中,171,158,2,1,1,2,2025-07-15 19:46:05,2025-07-15 19:46:05
"199,128",1,下行,BR10,BR 忠孝復興,199,128,2,2,1,2,2025-07-15 19:45:58,2025-07-15 19:45:58
"191,126",2,上行,BR04,萬芳醫院,191,126,1,1,1,1,2025-07-15 19:45:58,2025-07-15 19:45:58
"9,4",2,上行,BR17,港漧,9,4,1,1,1,1,2025-07-15 19:45:47,2025-07-15 19:45:47
"135,201",1,下行,BR20,大湖公園,135,201,2,1,1,1,2025-07-15 19:45:46,2025-07-15 19:45:46
"151,138",2,上行,BR07,六張犁,151,138,1,1,1,1,2025-07-15 19:45:42,2025-07-15 19:45:42
"7,32",1,下行,BR09,BR 大安,7,32,3,2,2,2,2025-07-15 19:45:11,2025-07-15 19:45:11
"121,164",2,上行,BR18,文德,121,164,1,1,1,1,2025-07-15 19:45:11,2025-07-15 19:45:11
"197,132",1,下行,BR16,西湖,197,132,2,2,2,2,2025-07-15 19:45:01,2025-07-15 19:45:01
"1,30",2,上行,BR05,辛亥,1,30,1,1,1,1,2025-07-15 19:44:56,2025-07-15 19:44:56
"31,44",1,下行,BR03,萬芳社區,31,44,1,1,1,1,2025-07-15 19:44:55,2025-07-15 19:44:55
"185,176",2,上行,BR08,科技大樓,185,176,1,1,1,1,2025-07-15 19:44:52,2025-07-15 19:44:52
"165,184",2,上行,BR24,BR 南港展覽館,165,184,1,1,1,1,2025-07-15 19:44:50,2025-07-15 19:44:50
"11,16",2,上行,BR10,BR 忠孝復興,11,16,1,1,1,1,2025-07-15 19:44:44,2025-07-15 19:44:44
"149,154",2,上行,BR19,內湖,149,154,1,1,2,1,2025-07-15 19:44:43,2025-07-15 19:44:43
"37,38",1,下行,BR18,文德,37,38,1,1,1,1,2025-07-15 19:44:41,2025-07-15 19:44:41
"103,194",1,下行,BR05,辛亥,103,194,3,2,1,1,2025-07-15 19:44:41,2025-07-15 19:44:41
"157,112",1,下行,BR07,六張犁,157,112,1,1,1,2,2025-07-15 19:44:40,2025-07-15 19:44:40
"133,166",2,上行,BR09,BR 大安,133,166,1,1,1,1,2025-07-15 19:44:35,2025-07-15 19:44:35
"129,198",1,下行,BR04,萬芳醫院,129,198,1,1,1,1,2025-07-15 19:44:33,2025-07-15 19:44:33
"41,34",1,下行,BR13,松山機場,41,34,3,2,2,3,2025-07-15 19:44:30,2025-07-15 19:44:30
"27,2",1,下行,BR15,劍南路,27,2,2,1,1,2,2025-07-15 19:44:30,2025-07-15 19:44:30
"115,162",2,上行,BR22,東湖,115,162,1,1,2,2,2025-07-15 19:44:28,2025-07-15 19:44:28
"171,158",2,上行,BR11,BR 南京復興,171,158,2,1,1,2,2025-07-15 19:44:27,2025-07-15 19:44:27
"5,20",1,下行,BR23,南港軟體園區,5,20,1,1,1,1,2025-07-15 19:44:25,2025-07-15 19:44:25
"187,188",1,下行,BR12,中山國中,187,188,3,2,2,3,2025-07-15 19:44:23,2025-07-15 19:44:23
"137,200",2,上行,BR20,大湖公園,137,200,1,1,1,1,2025-07-15 19:44:19,2025-07-15 19:44:19
"9,4",2,上行,BR16,西湖,9,4,1,1,1,1,2025-07-15 19:44:16,2025-07-15 19:44:16
"175,190",2,上行,BR23,南港軟體園區,175,190,1,1,1,1,2025-07-15 19:44:16,2025-07-15 19:44:16
"127,120",2,上行,BR15,劍南路,127,120,2,1,1,1,2025-07-15 19:44:05,2025-07-15 19:44:05
"151,138",2,上行,BR06,麟光,151,138,1,1,1,1,2025-07-15 19:44:05,2025-07-15 19:44:05
"177,170",2,上行,BR12,中山國中,177,170,1,1,1,1,2025-07-15 19:44:02,2025-07-15 19:44:02
"131,174",1,下行,BR08,科技大樓,131,174,1,1,1,1,2025-07-15 19:44:01,2025-07-15 19:44:01
"111,142",1,下行,BR06,麟光,111,142,3,3,1,1,2025-07-15 19:44:01,2025-07-15 19:44:01
"191,126",2,上行,BR03,萬芳社區,191,126,1,1,1,1,2025-07-15 19:43:52,2025-07-15 19:43:52
"107,178",1,下行,BR02,木柵,107,178,1,1,1,1,2025-07-15 19:43:51,2025-07-15 19:43:51
"37,38",1,下行,BR19,內湖,37,38,1,1,1,1,2025-07-15 19:43:47,2025-07-15 19:43:47
"199,128",1,下行,BR11,BR 南京復興,199,128,3,2,2,2,2025-07-15 19:43:43,2025-07-15 19:43:43
"121,164",2,上行,BR17,港漧,121,164,1,1,1,1,2025-07-15 19:43:42,2025-07-15 19:43:42
"39,40",1,下行,BR14,大直,39,40,2,2,3,2,2025-07-15 19:43:40,2025-07-15 19:43:40
"7,32",1,下行,BR10,BR 忠孝復興,7,32,3,2,3,2,2025-07-15 19:43:26,2025-07-15 19:43:26
"197,132",1,下行,BR17,港漧,197,132,2,1,1,1,2025-07-15 19:43:23,2025-07-15 19:43:23
"135,201",1,下行,BR21,葫洲,135,201,1,1,1,1,2025-07-15 19:43:20,2025-07-15 19:43:20
"35,14",1,下行,BR21,葫洲,35,14,2,2,1,1,2025-07-15 19:52:25,2025-07-15 19:52:25
"151,138",2,上行,BR10,BR 忠孝復興,151,138,2,1,2,2,2025-07-15 19:52:20,2025-07-15 19:52:20
"185,176",2,上行,BR12,中山國中,185,176,2,1,1,2,2025-07-15 19:52:20,2025-07-15 19:52:20
"171,158",2,上行,BR14,大直,171,158,1,1,1,1,2025-07-15 19:52:12,2025-07-15 19:52:12
"177,170",2,上行,BR15,劍南路,177,170,1,1,1,1,2025-07-15 19:52:12,2025-07-15 19:52:12
"5,20",1,下行,BR19,內湖,5,20,1,1,1,1,2025-07-15 19:52:11,2025-07-15 19:52:11
"191,126",2,上行,BR07,六張犁,191,126,1,1,1,1,2025-07-15 19:52:11,2025-07-15 19:52:11
"39,40",1,下行,BR11,BR 南京復興,39,40,3,3,3,2,2025-07-15 19:52:09,2025-07-15 19:52:09
"193,136",2,上行,BR17,港漧,193,136,2,1,2,1,2025-07-15 19:52:05,2025-07-15 19:52:05
"199,128",1,下行,BR07,六張犁,199,128,1,1,1,1,2025-07-15 19:52:01,2025-07-15 19:52:01
"187,188",1,下行,BR08,科技大樓,187,188,2,2,2,2,2025-07-15 19:51:57,2025-07-15 19:51:57
"41,34",1,下行,BR10,BR 忠孝復興,41,34,3,2,2,3,2025-07-15 19:51:46,2025-07-15 19:51:46
"195,122",2,上行,BR05,辛亥,195,122,1,1,1,1,2025-07-15 19:51:43,2025-07-15 19:51:43
"1,30",2,上行,BR08,科技大樓,1,30,1,1,2,2,2025-07-15 19:51:41,2025-07-15 19:51:41
"175,190",1,下行,BR24,BR 南港展覽館,175,190,1,1,1,1,2025-07-15 19:51:33,2025-07-15 19:51:33
"107,178",2,上行,BR01,動物園,107,178,1,1,1,1,2025-07-15 19:51:33,2025-07-15 19:51:33
"103,194",1,下行,BR01,動物園,103,194,1,1,1,1,2025-07-15 19:51:27,2025-07-15 19:51:27
"127,120",2,上行,BR19,內湖,127,120,1,1,1,1,2025-07-15 19:51:15,2025-07-15 19:51:15
"11,16",2,上行,BR13,松山機場,11,16,1,1,1,1,2025-07-15 19:51:14,2025-07-15 19:51:14
"105,110",2,上行,BR15,劍南路,105,110,1,1,1,1,2025-07-15 19:50:58,2025-07-15 19:50:58
"157,112",1,下行,BR04,萬芳醫院,157,112,1,1,1,1,2025-07-15 19:50:58,2025-07-15 19:50:58
"135,201",1,下行,BR17,港漧,135,201,2,1,2,2,2025-07-15 19:50:57,2025-07-15 19:50:57
"7,32",1,下行,BR06,麟光,7,32,1,2,2,1,2025-07-15 19:50:56,2025-07-15 19:50:56
"131,174",1,下行,BR05,辛亥,131,174,1,1,1,1,2025-07-15 19:50:47,2025-07-15 19:50:47
"9,4",2,上行,BR20,大湖公園,9,4,1,1,1,1,2025-07-15 19:50:47,2025-07-15 19:50:47
"191,126",2,上行,BR06,麟光,191,126,1,1,1,1,2025-07-15 19:50:44,2025-07-15 19:50:44
"185,176",2,上行,BR11,BR 南京復興,185,176,2,1,1,2,2025-07-15 19:50:42,2025-07-15 19:50:42
"35,14",1,下行,BR22,東湖,35,14,2,2,1,1,2025-07-15 19:50:42,2025-07-15 19:50:42
"149,154",2,上行,BR22,東湖,149,154,1,1,1,1,2025-07-15 19:50:41,2025-07-15 19:50:41
"37,38",1,下行,BR15,劍南路,37,38,2,3,3,2,2025-07-15 19:50:35,2025-07-15 19:50:35
"193,136",2,上行,BR16,西湖,193,136,1,1,2,1,2025-07-15 19:50:33,2025-07-15 19:50:33
"5,20",1,下行,BR20,大湖公園,5,20,1,1,1,1,2025-07-15 19:50:25,2025-07-15 19:50:25
"133,166",2,上行,BR12,中山國中,133,166,1,1,1,1,2025-07-15 19:50:25,2025-07-15 19:50:25
"137,200",2,上行,BR23,南港軟體園區,137,200,1,1,1,1,2025-07-15 19:50:24,2025-07-15 19:50:24
"187,188",1,下行,BR09,BR 大安,187,188,2,2,2,2,2025-07-15 19:50:18,2025-07-15 19:50:18
"39,40",1,下行,BR12,中山國中,39,40,3,2,3,3,2025-07-15 19:50:12,2025-07-15 19:50:12
"151,138",2,上行,BR09,BR 大安,151,138,1,1,2,2,2025-07-15 19:50:10,2025-07-15 19:50:10
"27,2",1,下行,BR13,松山機場,27,2,2,1,2,3,2025-07-15 19:50:10,2025-07-15 19:50:10
"177,170",2,上行,BR14,大直,177,170,1,1,1,1,2025-07-15 19:50:08,2025-07-15 19:50:08
"129,198",1,下行,BR01,動物園,129,198,1,1,1,1,2025-07-15 19:49:59,2025-07-15 19:49:59
"197,132",1,下行,BR14,大直,197,132,3,3,2,2,2025-07-15 19:49:46,2025-07-15 19:49:46
"199,128",1,下行,BR08,科技大樓,199,128,1,1,1,1,2025-07-15 19:49:33,2025-07-15 19:49:33
"41,34",1,下行,BR11,BR 南京復興,41,34,3,2,2,3,2025-07-15 19:49:32,2025-07-15 19:49:32
"195,122",2,上行,BR04,萬芳醫院,195,122,1,1,1,1,2025-07-15 19:49:32,2025-07-15 19:49:32
"111,142",1,下行,BR04,萬芳醫院,111,142,1,1,1,1,2025-07-15 19:49:21,2025-07-15 19:49:21
"105,110",2,上行,BR14,大直,105,110,2,1,1,1,2025-07-15 19:49:21,2025-07-15 19:49:21
"7,32",1,下行,BR07,六張犁,7,32,1,2,2,1,2025-07-15 19:49:19,2025-07-15 19:49:19
"135,201",1,下行,BR18,文德,135,201,1,1,1,1,2025-07-15 19:49:19,2025-07-15 19:49:19
"1,30",2,上行,BR07,六張犁,1,30,1,1,1,1,2025-07-15 19:49:03,2025-07-15 19:49:03
"149,154",2,上行,BR21,葫洲,149,154,1,1,1,1,2025-07-15 19:49:00,2025-07-15 19:49:00
"103,194",1,下行,BR03,萬芳社區,103,194,2,2,1,1,2025-07-15 19:48:58,2025-07-15 19:48:58
"171,158",2,上行,BR13,松山機場,171,158,2,1,1,2,2025-07-15 19:48:54,2025-07-15 19:48:54
"35,14",1,下行,BR23,南港軟體園區,35,14,3,2,1,1,2025-07-15 19:48:51,2025-07-15 19:48:51
"157,112",1,下行,BR05,辛亥,157,112,1,1,1,2,2025-07-15 19:48:48,2025-07-15 19:48:48
"133,166",2,上行,BR11,BR 南京復興,133,166,2,1,1,1,2025-07-15 19:48:47,2025-07-15 19:48:47
"185,176",2,上行,BR10,BR 忠孝復興,185,176,2,1,1,2,2025-07-15 19:48:44,2025-07-15 19:48:44
"137,200",2,上行,BR22,東湖,137,200,1,1,1,1,2025-07-15 19:48:38,2025-07-15 19:48:38
"187,188",1,下行,BR10,BR 忠孝復興,187,188,2,2,2,2,2025-07-15 19:48:33,2025-07-15 19:48:33
"151,138",2,上行,BR08,科技大樓,151,138,1,1,1,2,2025-07-15 19:48:30,2025-07-15 19:48:30
"11,16",2,上行,BR12,中山國中,11,16,1,1,1,1,2025-07-15 19:48:21,2025-07-15 19:48:21
"131,174",1,下行,BR06,麟光,131,174,1,1,1,2,2025-07-15 19:48:19,2025-07-15 19:48:19
"191,126",2,上行,BR05,辛亥,191,126,1,1,1,1,2025-07-15 19:48:17,2025-07-15 19:48:17
"193,136",2,上行,BR15,劍南路,193,136,1,1,2,1,2025-07-15 19:48:16,2025-07-15 19:48:16
"5,20",1,下行,BR21,葫洲,5,20,1,1,1,1,2025-07-15 19:48:09,2025-07-15 19:48:09
"37,38",1,下行,BR16,西湖,37,38,2,2,2,2,2025-07-15 19:48:09,2025-07-15 19:48:09
"27,2",1,下行,BR10,BR 忠孝復興,27,2,2,2,2,2,2025-07-15 19:57:27,2025-07-15 19:57:27
"129,198",2,上行,BR03,萬芳社區,129,198,1,1,1,1,2025-07-15 19:57:27,2025-07-15 19:57:27
"35,14",1,下行,BR19,內湖,35,14,1,1,1,1,2025-07-15 19:57:21,2025-07-15 19:57:21
"135,201",1,下行,BR14,大直,135,201,3,3,3,3,2025-07-15 19:57:15,2025-07-15 19:57:15
"5,20",1,下行,BR16,西湖,5,20,3,1,3,3,2025-07-15 19:57:12,2025-07-15 19:57:12
"9,4",2,上行,BR23,南港軟體園區,9,4,1,1,1,1,2025-07-15 19:57:01,2025-07-15 19:57:01
"175,190",1,下行,BR21,葫洲,175,190,1,1,1,1,2025-07-15 19:56:50,2025-07-15 19:56:50
"191,126",2,上行,BR09,BR 大安,191,126,1,1,1,1,2025-07-15 19:56:49,2025-07-15 19:56:49
"11,16",2,上行,BR15,劍南路,11,16,1,1,1,1,2025-07-15 19:56:36,2025-07-15 19:56:36
"133,166",2,上行,BR14,大直,133,166,1,1,1,1,2025-07-15 19:56:32,2025-07-15 19:56:32
"171,158",2,上行,BR16,西湖,171,158,1,1,2,1,2025-07-15 19:56:31,2025-07-15 19:56:31
"131,174",1,下行,BR02,木柵,131,174,1,1,1,1,2025-07-15 19:56:19,2025-07-15 19:56:19
"121,164",2,上行,BR24,BR 南港展覽館,121,164,1,1,1,1,2025-07-15 19:56:16,2025-07-15 19:56:16
"183,118",1,下行,BR24,BR 南港展覽館,183,118,1,3,1,1,2025-07-15 19:56:15,2025-07-15 19:56:15
"37,38",1,下行,BR13,松山機場,37,38,2,3,3,2,2025-07-15 19:56:15,2025-07-15 19:56:15
"129,198",2,上行,BR02,木柵,129,198,1,1,1,1,2025-07-15 19:56:14,2025-07-15 19:56:14
"197,132",1,下行,BR12,中山國中,197,132,3,3,2,3,2025-07-15 19:56:13,2025-07-15 19:56:13
"107,178",2,上行,BR04,萬芳醫院,107,178,1,1,1,1,2025-07-15 19:56:10,2025-07-15 19:56:10
"39,40",1,下行,BR09,BR 大安,39,40,3,2,2,2,2025-07-15 19:56:08,2025-07-15 19:56:08
"199,128",1,下行,BR05,辛亥,199,128,1,1,1,1,2025-07-15 19:56:08,2025-07-15 19:56:08
"187,188",1,下行,BR06,麟光,187,188,1,1,1,2,2025-07-15 19:56:00,2025-07-15 19:56:00
"177,170",2,上行,BR17,港漧,177,170,1,1,1,1,2025-07-15 19:55:59,2025-07-15 19:55:59
"151,138",2,上行,BR12,中山國中,151,138,2,2,2,2,2025-07-15 19:55:48,2025-07-15 19:55:48
"7,32",1,下行,BR04,萬芳醫院,7,32,1,1,1,1,2025-07-15 19:55:43,2025-07-15 19:55:43
"1,30",2,上行,BR10,BR 忠孝復興,1,30,2,1,1,2,2025-07-15 19:55:34,2025-07-15 19:55:34
"195,122",2,上行,BR07,六張犁,195,122,1,1,1,1,2025-07-15 19:55:33,2025-07-15 19:55:33
"5,20",1,下行,BR17,港漧,5,20,2,1,2,2,2025-07-15 19:55:33,2025-07-15 19:55:33
"193,136",2,上行,BR19,內湖,193,136,1,1,1,1,2025-07-15 19:55:29,2025-07-15 19:55:29
"27,2",1,下行,BR11,BR 南京復興,27,2,2,1,2,3,2025-07-15 19:55:12,2025-07-15 19:55:12
"41,34",1,下行,BR08,科技大樓,41,34,2,2,1,2,2025-07-15 19:55:12,2025-07-15 19:55:12
"111,142",2,上行,BR01,動物園,111,142,1,1,1,1,2025-07-15 19:55:10,2025-07-15 19:55:10
"185,176",2,上行,BR13,松山機場,185,176,2,1,1,2,2025-07-15 19:55:09,2025-07-15 19:55:09
"175,190",1,下行,BR22,東湖,175,190,1,1,1,1,2025-07-15 19:55:07,2025-07-15 19:55:07
"131,174",1,下行,BR03,萬芳社區,131,174,1,1,1,1,2025-07-15 19:55:06,2025-07-15 19:55:06
"135,201",1,下行,BR15,劍南路,135,201,3,3,3,3,2025-07-15 19:55:06,2025-07-15 19:55:06
"9,4",2,上行,BR22,東湖,9,4,1,1,1,1,2025-07-15 19:55:06,2025-07-15 19:55:06
"149,154",2,上行,BR24,BR 南港展覽館,149,154,1,1,1,1,2025-07-15 19:54:58,2025-07-15 19:54:58
"35,14",1,下行,BR20,大湖公園,35,14,2,2,1,1,2025-07-15 19:54:52,2025-07-15 19:54:52
"191,126",2,上行,BR08,科技大樓,191,126,1,1,1,2,2025-07-15 19:54:45,2025-07-15 19:54:45
"121,164",2,上行,BR23,南港軟體園區,121,164,1,1,1,1,2025-07-15 19:54:37,2025-07-15 19:54:37
"129,198",2,上行,BR01,動物園,129,198,1,1,1,1,2025-07-15 19:54:37,2025-07-15 19:54:37
"11,16",2,上行,BR14,大直,11,16,1,1,1,1,2025-07-15 19:54:32,2025-07-15 19:54:32
"177,170",2,上行,BR16,西湖,177,170,1,1,1,1,2025-07-15 19:54:28,2025-07-15 19:54:28
"39,40",1,下行,BR10,BR 忠孝復興,39,40,2,2,2,2,2025-07-15 19:54:23,2025-07-15 19:54:23
"187,188",1,下行,BR07,六張犁,187,188,1,2,2,2,2025-07-15 19:54:23,2025-07-15 19:54:23
"157,112",1,下行,BR02,木柵,157,112,1,1,1,1,2025-07-15 19:54:20,2025-07-15 19:54:20
"171,158",2,上行,BR15,劍南路,171,158,1,1,1,1,2025-07-15 19:54:16,2025-07-15 19:54:16
"151,138",2,上行,BR11,BR 南京復興,151,138,3,2,2,2,2025-07-15 19:54:08,2025-07-15 19:54:08
"195,122",2,上行,BR06,麟光,195,122,1,1,1,1,2025-07-15 19:54:08,2025-07-15 19:54:08
"5,20",1,下行,BR18,文德,5,20,1,1,1,1,2025-07-15 19:53:45,2025-07-15 19:53:45
"193,136",2,上行,BR18,文德,193,136,2,1,2,1,2025-07-15 19:53:44,2025-07-15 19:53:44
"199,128",1,下行,BR06,麟光,199,128,1,1,1,1,2025-07-15 19:53:39,2025-07-15 19:53:39
"111,142",1,下行,BR01,動物園,111,142,1,1,1,1,2025-07-15 19:53:34,2025-07-15 19:53:34
"1,30",2,上行,BR09,BR 大安,1,30,1,1,2,2,2025-07-15 19:53:33,2025-07-15 19:53:33
"41,34",1,下行,BR09,BR 大安,41,34,2,2,1,3,2025-07-15 19:53:33,2025-07-15 19:53:33
"7,32",1,下行,BR05,辛亥,7,32,1,1,1,1,2025-07-15 19:53:26,2025-07-15 19:53:26
"175,190",1,下行,BR23,南港軟體園區,175,190,1,1,1,1,2025-07-15 19:53:16,2025-07-15 19:53:16
"9,4",2,上行,BR21,葫洲,9,4,1,1,1,1,2025-07-15 19:53:14,2025-07-15 19:53:14
"27,2",1,下行,BR12,中山國中,27,2,2,1,2,3,2025-07-15 19:53:14,2025-07-15 19:53:14
"133,166",2,上行,BR13,松山機場,133,166,1,1,1,1,2025-07-15 19:53:13,2025-07-15 19:53:13
"197,132",1,下行,BR13,松山機場,197,132,2,3,2,2,2025-07-15 19:53:13,2025-07-15 19:53:13
"107,178",2,上行,BR07,六張犁,107,178,2,1,1,1,2025-07-15 20:02:15,2025-07-15 20:02:15
"191,126",2,上行,BR12,中山國中,191,126,2,1,1,1,2025-07-15 20:02:15,2025-07-15 20:02:15
"157,112",2,上行,BR01,動物園,157,112,1,1,1,1,2025-07-15 20:02:13,2025-07-15 20:02:13
"133,166",2,上行,BR17,港漧,133,166,1,1,1,1,2025-07-15 20:02:13,2025-07-15 20:02:13
"195,122",2,上行,BR10,BR 忠孝復興,195,122,1,1,1,2,2025-07-15 20:02:12,2025-07-15 20:02:12
"11,16",2,上行,BR18,文德,11,16,1,1,1,1,2025-07-15 20:02:03,2025-07-15 20:02:03
"1,30",2,上行,BR13,松山機場,1,30,1,2,2,2,2025-07-15 20:02:02,2025-07-15 20:02:02
"39,40",1,下行,BR06,麟光,39,40,2,2,2,1,2025-07-15 20:01:55,2025-07-15 20:01:55
"151,138",2,上行,BR14,大直,151,138,2,1,2,2,2025-07-15 20:01:49,2025-07-15 20:01:49
"5,20",1,下行,BR14,大直,5,20,3,2,3,3,2025-07-15 20:01:48,2025-07-15 20:01:48
"41,34",1,下行,BR05,辛亥,41,34,2,1,1,2,2025-07-15 20:01:48,2025-07-15 20:01:48
"35,14",1,下行,BR16,西湖,35,14,2,1,2,2,2025-07-15 20:01:38,2025-07-15 20:01:38
"183,118",1,下行,BR21,葫洲,183,118,2,1,1,1,2025-07-15 20:01:32,2025-07-15 20:01:32
"171,158",2,上行,BR19,內湖,171,158,1,1,1,1,2025-07-15 20:01:23,2025-07-15 20:01:23
"37,38",1,下行,BR11,BR 南京復興,37,38,3,2,2,3,2025-07-15 20:01:18,2025-07-15 20:01:18
"7,32",1,下行,BR01,動物園,7,32,1,1,1,1,2025-07-15 20:01:15,2025-07-15 20:01:15
"177,170",2,上行,BR20,大湖公園,177,170,1,1,1,1,2025-07-15 20:01:09,2025-07-15 20:01:09
"175,190",1,下行,BR19,內湖,175,190,1,1,1,1,2025-07-15 20:00:54,2025-07-15 20:00:54
"27,2",1,下行,BR08,科技大樓,27,2,2,2,2,2,2025-07-15 20:00:53,2025-07-15 20:00:53
"135,201",1,下行,BR13,松山機場,135,201,1,1,3,3,2025-07-15 20:00:43,2025-07-15 20:00:43
"187,188",1,下行,BR04,萬芳醫院,187,188,1,1,1,1,2025-07-15 20:00:42,2025-07-15 20:00:42
"133,166",2,上行,BR16,西湖,133,166,1,1,1,1,2025-07-15 20:00:40,2025-07-15 20:00:40
"185,176",2,上行,BR15,劍南路,185,176,1,1,1,1,2025-07-15 20:00:31,2025-07-15 20:00:31
"11,16",2,上行,BR17,港漧,11,16,1,1,1,1,2025-07-15 20:00:26,2025-07-15 20:00:26
"151,138",2,上行,BR13,松山機場,151,138,2,1,2,2,2025-07-15 20:00:22,2025-07-15 20:00:22
"39,40",1,下行,BR07,六張犁,39,40,2,2,2,1,2025-07-15 20:00:18,2025-07-15 20:00:18
"195,122",2,上行,BR09,BR 大安,195,122,1,1,1,2,2025-07-15 20:00:04,2025-07-15 20:00:04
"111,142",2,上行,BR02,木柵,111,142,1,1,1,1,2025-07-15 19:59:58,2025-07-15 19:59:58
"35,14",1,下行,BR17,港漧,35,14,2,1,1,1,2025-07-15 19:59:58,2025-07-15 19:59:58
"127,120",2,上行,BR24,BR 南港展覽館,127,120,1,1,1,1,2025-07-15 19:59:57,2025-07-15 19:59:57
"183,118",1,下行,BR22,東湖,183,118,2,2,1,1,2025-07-15 19:59:49,2025-07-15 19:59:49
"171,158",2,上行,BR18,文德,171,158,1,1,1,1,2025-07-15 19:59:40,2025-07-15 19:59:40
"5,20",1,下行,BR15,劍南路,5,20,3,2,3,3,2025-07-15 19:59:37,2025-07-15 19:59:37
"193,136",2,上行,BR21,葫洲,193,136,1,1,1,1,2025-07-15 19:59:32,2025-07-15 19:59:32
"129,198",2,上行,BR04,萬芳醫院,129,198,1,1,1,1,2025-07-15 19:59:27,2025-07-15 19:59:27
"177,170",2,上行,BR19,內湖,177,170,1,1,1,1,2025-07-15 19:59:20,2025-07-15 19:59:20
"37,38",1,下行,BR12,中山國中,37,38,2,3,2,3,2025-07-15 19:59:20,2025-07-15 19:59:20
"41,34",1,下行,BR06,麟光,41,34,2,2,1,1,2025-07-15 19:59:18,2025-07-15 19:59:18
"175,190",1,下行,BR20,大湖公園,175,190,1,1,1,1,2025-07-15 19:59:16,2025-07-15 19:59:16
"27,2",1,下行,BR09,BR 大安,27,2,3,2,2,2,2025-07-15 19:59:13,2025-07-15 19:59:13
"9,4",2,上行,BR24,BR 南港展覽館,9,4,1,1,1,1,2025-07-15 19:59:11,2025-07-15 19:59:11
"7,32",1,下行,BR02,木柵,7,32,1,1,1,1,2025-07-15 19:59:01,2025-07-15 19:59:01
"11,16",2,上行,BR16,西湖,11,16,1,1,1,1,2025-07-15 19:58:54,2025-07-15 19:58:54
"127,120",2,上行,BR23,南港軟體園區,127,120,1,1,2,1,2025-07-15 19:58:52,2025-07-15 19:58:52
"191,126",2,上行,BR10,BR 忠孝復興,191,126,2,1,1,1,2025-07-15 19:58:41,2025-07-15 19:58:41
"111,142",2,上行,BR01,動物園,111,142,1,1,1,1,2025-07-15 19:58:39,2025-07-15 19:58:39
"187,188",1,下行,BR05,辛亥,187,188,1,1,1,2,2025-07-15 19:58:28,2025-07-15 19:58:28
"185,176",2,上行,BR14,大直,185,176,1,1,1,1,2025-07-15 19:58:27,2025-07-15 19:58:27
"107,178",2,上行,BR05,辛亥,107,178,1,1,1,1,2025-07-15 19:58:21,2025-07-15 19:58:21
"131,174",1,下行,BR01,動物園,131,174,1,1,1,1,2025-07-15 19:58:19,2025-07-15 19:58:19
"199,128",1,下行,BR04,萬芳醫院,199,128,1,1,1,2,2025-07-15 19:58:11,2025-07-15 19:58:11
"35,14",1,下行,BR18,文德,35,14,1,1,1,1,2025-07-15 19:58:11,2025-07-15 19:58:11
"1,30",2,上行,BR15,劍南路,1,30,1,2,1,2,2025-07-15 20:07:25,2025-07-15 20:07:25
"41,34",1,下行,BR02,木柵,41,34,1,1,1,1,2025-07-15 20:07:23,2025-07-15 20:07:23
"133,166",2,上行,BR20,大湖公園,133,166,1,1,1,1,2025-07-15 20:07:20,2025-07-15 20:07:20
"7,32",2,上行,BR03,萬芳社區,7,32,1,1,1,1,2025-07-15 20:07:15,2025-07-15 20:07:15
"183,118",1,下行,BR18,文德,183,118,1,1,1,1,2025-07-15 20:07:12,2025-07-15 20:07:12
"177,170",2,上行,BR23,南港軟體園區,177,170,1,1,1,1,2025-07-15 20:07:11,2025-07-15 20:07:11
"171,158",2,上行,BR22,東湖,171,158,1,1,1,1,2025-07-15 20:07:10,2025-07-15 20:07:10
"37,38",1,下行,BR08,科技大樓,37,38,2,2,3,2,2025-07-15 20:06:58,2025-07-15 20:06:58
"107,178",2,上行,BR09,BR 大安,107,178,2,1,1,1,2025-07-15 20:06:52,2025-07-15 20:06:52
"9,4",1,下行,BR23,南港軟體園區,9,4,1,1,1,1,2025-07-15 20:06:48,2025-07-15 20:06:48
"39,40",1,下行,BR04,萬芳醫院,39,40,1,1,1,1,2025-07-15 20:06:41,2025-07-15 20:06:41
"197,132",1,下行,BR07,六張犁,197,132,1,2,2,2,2025-07-15 20:06:15,2025-07-15 20:06:15
"35,14",1,下行,BR14,大直,35,14,2,2,2,2,2025-07-15 20:06:15,2025-07-15 20:06:15
"187,188",1,下行,BR01,動物園,187,188,1,1,1,1,2025-07-15 20:06:12,2025-07-15 20:06:12
"41,34",1,下行,BR03,萬芳社區,41,34,1,1,1,1,2025-07-15 20:06:12,2025-07-15 20:06:12
"157,112",2,上行,BR04,萬芳醫院,157,112,1,1,1,1,2025-07-15 20:06:11,2025-07-15 20:06:11
"7,32",2,上行,BR02,木柵,7,32,1,1,1,1,2025-07-15 20:06:02,2025-07-15 20:06:02
"151,138",2,上行,BR16,西湖,151,138,2,1,2,2,2025-07-15 20:06:01,2025-07-15 20:06:01
"175,190",1,下行,BR16,西湖,175,190,2,1,2,2,2025-07-15 20:06:00,2025-07-15 20:06:00
"185,176",2,上行,BR18,文德,185,176,1,1,1,1,2025-07-15 20:05:54,2025-07-15 20:05:54
"195,122",2,上行,BR12,中山國中,195,122,1,1,1,2,2025-07-15 20:05:50,2025-07-15 20:05:50
"135,201",1,下行,BR11,BR 南京復興,135,201,3,2,3,3,2025-07-15 20:05:40,2025-07-15 20:05:40
"183,118",1,下行,BR19,內湖,183,118,1,1,1,1,2025-07-15 20:05:36,2025-07-15 20:05:36
"193,136",2,上行,BR24,BR 南港展覽館,193,136,1,1,1,1,2025-07-15 20:05:35,2025-07-15 20:05:35
"171,158",2,上行,BR21,葫洲,171,158,1,1,1,1,2025-07-15 20:05:25,2025-07-15 20:05:25
"129,198",2,上行,BR07,六張犁,129,198,1,1,1,1,2025-07-15 20:05:24,2025-07-15 20:05:24
"11,16",2,上行,BR20,大湖公園,11,16,1,1,1,1,2025-07-15 20:05:23,2025-07-15 20:05:23
"1,30",2,上行,BR14,大直,1,30,1,2,1,2,2025-07-15 20:05:21,2025-07-15 20:05:21
"37,38",1,下行,BR09,BR 大安,37,38,2,3,3,2,2025-07-15 20:05:18,2025-07-15 20:05:18
"177,170",2,上行,BR22,東湖,177,170,1,1,1,1,2025-07-15 20:05:17,2025-07-15 20:05:17
"5,20",1,下行,BR13,松山機場,5,20,3,2,4,3,2025-07-15 20:05:16,2025-07-15 20:05:16
"191,126",2,上行,BR13,松山機場,191,126,2,1,1,1,2025-07-15 20:05:10,2025-07-15 20:05:10
"9,4",1,下行,BR24,BR 南港展覽館,9,4,1,1,1,1,2025-07-15 20:05:04,2025-07-15 20:05:04
"107,178",2,上行,BR08,科技大樓,107,178,3,1,1,1,2025-07-15 20:05:01,2025-07-15 20:05:01
"27,2",1,下行,BR06,麟光,27,2,2,2,1,1,2025-07-15 20:05:00,2025-07-15 20:05:00
"7,32",2,上行,BR01,動物園,7,32,1,1,1,1,2025-07-15 20:04:24,2025-07-15 20:04:24
"39,40",1,下行,BR05,辛亥,39,40,2,2,1,1,2025-07-15 20:04:24,2025-07-15 20:04:24
"175,190",1,下行,BR17,港漧,175,190,1,1,1,1,2025-07-15 20:04:23,2025-07-15 20:04:23
"185,176",2,上行,BR17,港漧,185,176,1,1,1,1,2025-07-15 20:04:17,2025-07-15 20:04:17
"195,122",2,上行,BR11,BR 南京復興,195,122,1,1,1,2,2025-07-15 20:04:11,2025-07-15 20:04:11
"41,34",1,下行,BR04,萬芳醫院,41,34,1,1,1,1,2025-07-15 20:04:05,2025-07-15 20:04:05
"35,14",1,下行,BR15,劍南路,35,14,2,2,2,2,2025-07-15 20:04:04,2025-07-15 20:04:04
"187,188",1,下行,BR02,木柵,187,188,1,1,1,1,2025-07-15 20:04:01,2025-07-15 20:04:01
"133,166",2,上行,BR18,文德,133,166,1,1,1,1,2025-07-15 20:04:00,2025-07-15 20:04:00
"157,112",2,上行,BR03,萬芳社區,157,112,1,1,1,1,2025-07-15 20:04:00,2025-07-15 20:04:00
"183,118",1,下行,BR20,大湖公園,183,118,1,1,1,1,2025-07-15 20:03:57,2025-07-15 20:03:57
"193,136",2,上行,BR23,南港軟體園區,193,136,1,1,1,1,2025-07-15 20:03:55,2025-07-15 20:03:55
"129,198",2,上行,BR06,麟光,129,198,1,1,1,1,2025-07-15 20:03:51,2025-07-15 20:03:51
"197,132",1,下行,BR08,科技大樓,197,132,2,2,2,2,2025-07-15 20:03:48,2025-07-15 20:03:48
"37,38",1,下行,BR10,BR 忠孝復興,37,38,2,2,2,2,2025-07-15 20:03:32,2025-07-15 20:03:32
"27,2",1,下行,BR07,六張犁,27,2,2,2,1,2,2025-07-15 20:03:22,2025-07-15 20:03:22
"177,170",2,上行,BR21,葫洲,177,170,1,1,1,1,2025-07-15 20:03:22,2025-07-15 20:03:22
"39,40",1,下行,BR01,動物園,39,40,1,1,1,1,2025-07-15 20:12:14,2025-07-15 20:12:14
"127,120",1,下行,BR23,南港軟體園區,127,120,1,1,1,1,2025-07-15 20:12:02,2025-07-15 20:12:02
"195,122",2,上行,BR14,大直,195,122,1,1,1,1,2025-07-15 20:11:57,2025-07-15 20:11:57
"27,2",1,下行,BR03,萬芳社區,27,2,1,1,1,1,2025-07-15 20:11:53,2025-07-15 20:11:53
"185,176",2,上行,BR21,葫洲,185,176,1,1,1,1,2025-07-15 20:11:41,2025-07-15 20:11:41
"121,164",1,下行,BR18,文德,121,164,1,2,1,1,2025-07-15 20:11:40,2025-07-15 20:11:40
"7,32",2,上行,BR05,辛亥,7,32,1,1,1,1,2025-07-15 20:11:35,2025-07-15 20:11:35
"171,158",2,上行,BR24,BR 南港展覽館,171,158,1,1,1,1,2025-07-15 20:11:34,2025-07-15 20:11:34
"133,166",2,上行,BR22,東湖,133,166,1,1,1,1,2025-07-15 20:11:32,2025-07-15 20:11:32
"11,16",2,上行,BR23,南港軟體園區,11,16,1,1,1,1,2025-07-15 20:11:31,2025-07-15 20:11:31
"1,30",2,上行,BR17,港漧,1,30,1,1,2,1,2025-07-15 20:11:14,2025-07-15 20:11:14
"195,122",2,上行,BR13,松山機場,195,122,2,2,2,2,2025-07-15 20:11:10,2025-07-15 20:11:10
"135,201",1,下行,BR08,科技大樓,135,201,2,2,2,1,2025-07-15 20:11:07,2025-07-15 20:11:07
"187,188",2,上行,BR01,動物園,187,188,1,1,1,1,2025-07-15 20:11:05,2025-07-15 20:11:05
"37,38",1,下行,BR06,麟光,37,38,2,2,2,1,2025-07-15 20:11:04,2025-07-15 20:11:04
"107,178",2,上行,BR11,BR 南京復興,107,178,2,2,1,1,2025-07-15 20:10:51,2025-07-15 20:10:51
"157,112",2,上行,BR06,麟光,157,112,1,1,1,1,2025-07-15 20:10:46,2025-07-15 20:10:46
"183,118",1,下行,BR16,西湖,183,118,2,2,1,1,2025-07-15 20:10:44,2025-07-15 20:10:44
"175,190",1,下行,BR14,大直,175,190,2,2,3,3,2025-07-15 20:10:35,2025-07-15 20:10:35
"199,128",2,上行,BR03,萬芳社區,199,128,1,1,1,1,2025-07-15 20:10:25,2025-07-15 20:10:25
"9,4",1,下行,BR21,葫洲,9,4,1,1,1,1,2025-07-15 20:10:22,2025-07-15 20:10:22
"5,20",1,下行,BR11,BR 南京復興,5,20,4,2,4,4,2025-07-15 20:10:17,2025-07-15 20:10:17
"191,126",2,上行,BR15,劍南路,191,126,1,1,1,1,2025-07-15 20:10:16,2025-07-15 20:10:16
"197,132",1,下行,BR05,辛亥,197,132,1,1,2,2,2025-07-15 20:10:09,2025-07-15 20:10:09
"39,40",1,下行,BR02,木柵,39,40,1,1,1,1,2025-07-15 20:09:59,2025-07-15 20:09:59
"127,120",1,下行,BR24,BR 南港展覽館,127,120,1,1,1,1,2025-07-15 20:09:53,2025-07-15 20:09:53
"27,2",1,下行,BR04,萬芳醫院,27,2,1,1,1,1,2025-07-15 20:09:48,2025-07-15 20:09:48
"133,166",2,上行,BR21,葫洲,133,166,1,1,1,1,2025-07-15 20:09:47,2025-07-15 20:09:47
"35,14",1,下行,BR13,松山機場,35,14,2,2,2,2,2025-07-15 20:09:44,2025-07-15 20:09:44
"1,30",2,上行,BR16,西湖,1,30,1,2,1,2,2025-07-15 20:09:43,2025-07-15 20:09:43
"11,16",2,上行,BR22,東湖,11,16,1,1,1,1,2025-07-15 20:09:39,2025-07-15 20:09:39
"41,34",1,下行,BR01,動物園,41,34,1,1,1,1,2025-07-15 20:09:37,2025-07-15 20:09:37
"177,170",2,上行,BR24,BR 南港展覽館,177,170,1,1,1,1,2025-07-15 20:09:34,2025-07-15 20:09:34
"151,138",2,上行,BR18,文德,151,138,2,2,2,1,2025-07-15 20:09:34,2025-07-15 20:09:34
"199,128",2,上行,BR02,木柵,199,128,1,1,1,1,2025-07-15 20:09:32,2025-07-15 20:09:32
"185,176",2,上行,BR20,大湖公園,185,176,1,1,1,1,2025-07-15 20:09:27,2025-07-15 20:09:27
"37,38",1,下行,BR07,六張犁,37,38,2,2,2,1,2025-07-15 20:09:26,2025-07-15 20:09:26
"7,32",2,上行,BR04,萬芳醫院,7,32,1,1,1,1,2025-07-15 20:09:23,2025-07-15 20:09:23
"171,158",2,上行,BR23,南港軟體園區,171,158,1,1,1,1,2025-07-15 20:09:04,2025-07-15 20:09:04
"183,118",1,下行,BR17,港漧,183,118,1,1,1,2,2025-07-15 20:08:54,2025-07-15 20:08:54
"107,178",2,上行,BR10,BR 忠孝復興,107,178,2,1,1,1,2025-07-15 20:08:51,2025-07-15 20:08:51
"39,40",1,下行,BR03,萬芳社區,39,40,1,1,1,1,2025-07-15 20:08:47,2025-07-15 20:08:47
"9,4",1,下行,BR22,東湖,9,4,1,1,1,1,2025-07-15 20:08:39,2025-07-15 20:08:39
"195,122",2,上行,BR13,松山機場,195,122,1,1,1,2,2025-07-15 20:08:38,2025-07-15 20:08:38
"175,190",1,下行,BR15,劍南路,175,190,2,2,2,3,2025-07-15 20:08:25,2025-07-15 20:08:25
"157,112",2,上行,BR05,辛亥,157,112,1,1,1,1,2025-07-15 20:08:21,2025-07-15 20:08:21
"5,20",1,下行,BR12,中山國中,5,20,3,2,4,4,2025-07-15 20:08:20,2025-07-15 20:08:20
"199,128",2,上行,BR06,麟光,199,128,1,1,1,1,2025-07-15 20:17:25,2025-07-15 20:17:25
"127,120",1,下行,BR20,大湖公園,127,120,1,1,1,1,2025-07-15 20:17:12,2025-07-15 20:17:12
"175,190",1,下行,BR12,中山國中,175,190,3,2,2,3,2025-07-15 20:17:03,2025-07-15 20:17:03
"151,138",2,上行,BR22,東湖,151,138,2,1,1,1,2025-07-15 20:17:01,2025-07-15 20:17:01
"35,14",1,下行,BR10,BR 忠孝復興,35,14,3,3,3,2,2025-07-15 20:16:59,2025-07-15 20:16:59
"191,126",2,上行,BR18,文德,191,126,2,1,1,1,2025-07-15 20:16:54,2025-07-15 20:16:54
"157,112",2,上行,BR09,BR 大安,157,112,1,1,1,1,2025-07-15 20:16:44,2025-07-15 20:16:44
"195,122",2,上行,BR16,西湖,195,122,3,2,2,1,2025-07-15 20:16:17,2025-07-15 20:16:17
"1,30",2,上行,BR20,大湖公園,1,30,1,1,1,1,2025-07-15 20:16:12,2025-07-15 20:16:12
"9,4",1,下行,BR18,文德,9,4,1,1,1,1,2025-07-15 20:16:09,2025-07-15 20:16:09
"187,188",2,上行,BR04,萬芳醫院,187,188,1,1,1,1,2025-07-15 20:16:00,2025-07-15 20:16:00
"141,160",1,下行,BR23,南港軟體園區,141,160,1,1,1,2,2025-07-15 20:15:59,2025-07-15 20:15:59
"133,166",2,上行,BR24,BR 南港展覽館,133,166,1,1,1,1,2025-07-15 20:15:58,2025-07-15 20:15:58
"5,20",1,下行,BR08,科技大樓,5,20,3,2,3,2,2025-07-15 20:15:57,2025-07-15 20:15:57
"37,38",1,下行,BR04,萬芳醫院,37,38,1,1,1,1,2025-07-15 20:15:48,2025-07-15 20:15:48
"129,198",2,上行,BR12,中山國中,129,198,2,1,1,1,2025-07-15 20:15:48,2025-07-15 20:15:48
"197,132",1,下行,BR02,木柵,197,132,1,1,1,1,2025-07-15 20:15:44,2025-07-15 20:15:44
"7,32",2,上行,BR07,六張犁,7,32,1,1,1,1,2025-07-15 20:15:42,2025-07-15 20:15:42
"27,2",1,下行,BR01,動物園,27,2,1,1,1,1,2025-07-15 20:15:32,2025-07-15 20:15:32
"151,138",2,上行,BR21,葫洲,151,138,2,1,1,1,2025-07-15 20:15:19,2025-07-15 20:15:19
"107,178",2,上行,BR13,松山機場,107,178,2,2,1,1,2025-07-15 20:15:18,2025-07-15 20:15:18
"185,176",2,上行,BR23,南港軟體園區,185,176,1,1,1,1,2025-07-15 20:15:16,2025-07-15 20:15:16
"9,4",1,下行,BR19,內湖,9,4,1,1,1,1,2025-07-15 20:15:13,2025-07-15 20:15:13
"135,201",1,下行,BR06,麟光,135,201,1,2,1,1,2025-07-15 20:15:09,2025-07-15 20:15:09
"199,128",2,上行,BR05,辛亥,199,128,1,1,1,1,2025-07-15 20:15:01,2025-07-15 20:15:01
"157,112",2,上行,BR08,科技大樓,157,112,1,1,1,2,2025-07-15 20:14:59,2025-07-15 20:14:59
"35,14",1,下行,BR11,BR 南京復興,35,14,4,3,3,3,2025-07-15 20:14:45,2025-07-15 20:14:45
"41,34",2,上行,BR01,動物園,41,34,1,1,1,1,2025-07-15 20:14:38,2025-07-15 20:14:38
"1,30",2,上行,BR19,內湖,1,30,1,1,2,1,2025-07-15 20:14:36,2025-07-15 20:14:36
"5,20",1,下行,BR09,BR 大安,5,20,3,2,3,3,2025-07-15 20:14:17,2025-07-15 20:14:17
"141,160",1,下行,BR24,BR 南港展覽館,141,160,1,1,1,1,2025-07-15 20:14:17,2025-07-15 20:14:17
"191,126",2,上行,BR17,港漧,191,126,2,1,1,1,2025-07-15 20:14:05,2025-07-15 20:14:05
"7,32",2,上行,BR06,麟光,7,32,1,1,1,1,2025-07-15 20:14:02,2025-07-15 20:14:02
"175,190",1,下行,BR13,松山機場,175,190,2,2,2,3,2025-07-15 20:14:02,2025-07-15 20:14:02
"195,122",2,上行,BR15,劍南路,195,122,2,1,2,2,2025-07-15 20:14:01,2025-07-15 20:14:01
"187,188",2,上行,BR03,萬芳社區,187,188,1,1,1,1,2025-07-15 20:13:55,2025-07-15 20:13:55
"11,16",2,上行,BR24,BR 南港展覽館,11,16,1,1,1,1,2025-07-15 20:13:53,2025-07-15 20:13:53
"157,112",2,上行,BR07,六張犁,157,112,1,1,1,1,2025-07-15 20:13:51,2025-07-15 20:13:51
"129,198",2,上行,BR11,BR 南京復興,129,198,2,1,2,2,2025-07-15 20:13:47,2025-07-15 20:13:47
"37,38",1,下行,BR05,辛亥,37,38,1,2,1,1,2025-07-15 20:13:32,2025-07-15 20:13:32
"185,176",2,上行,BR22,東湖,185,176,1,1,1,1,2025-07-15 20:13:26,2025-07-15 20:13:26
"107,178",2,上行,BR12,中山國中,107,178,2,2,1,1,2025-07-15 20:13:24,2025-07-15 20:13:24
"157,112",2,上行,BR12,中山國中,157,112,2,1,2,2,2025-07-15 20:22:19,2025-07-15 20:22:19
"1,30",2,上行,BR23,南港軟體園區,1,30,1,1,2,1,2025-07-15 20:22:16,2025-07-15 20:22:16
"187,188",2,上行,BR07,六張犁,187,188,1,1,1,1,2025-07-15 20:22:12,2025-07-15 20:22:12
"7,32",2,上行,BR10,BR 忠孝復興,7,32,1,1,1,2,2025-07-15 20:22:11,2025-07-15 20:22:11
"11,16",1,下行,BR22,東湖,11,16,2,1,1,1,2025-07-15 20:22:10,2025-07-15 20:22:10
"135,201",1,下行,BR03,萬芳社區,135,201,3,3,1,1,2025-07-15 20:22:10,2025-07-15 20:22:10
"9,4",1,下行,BR15,劍南路,9,4,2,1,2,2,2025-07-15 20:22:01,2025-07-15 20:22:01
"141,160",1,下行,BR20,大湖公園,141,160,1,1,1,1,2025-07-15 20:21:57,2025-07-15 20:21:57
"129,198",2,上行,BR14,大直,129,198,1,1,1,1,2025-07-15 20:21:54,2025-07-15 20:21:54
"41,34",2,上行,BR05,辛亥,41,34,1,1,1,1,2025-07-15 20:21:46,2025-07-15 20:21:46
"183,118",1,下行,BR12,中山國中,183,118,3,3,2,3,2025-07-15 20:21:33,2025-07-15 20:21:33
"199,128",2,上行,BR08,科技大樓,199,128,1,1,1,1,2025-07-15 20:21:30,2025-07-15 20:21:30
"37,38",1,下行,BR01,動物園,37,38,1,1,1,1,2025-07-15 20:21:19,2025-07-15 20:21:19
"175,190",1,下行,BR10,BR 忠孝復興,175,190,2,2,2,3,2025-07-15 20:21:15,2025-07-15 20:21:15
"195,122",2,上行,BR19,內湖,195,122,1,2,1,1,2025-07-15 20:21:10,2025-07-15 20:21:10
"121,164",1,下行,BR14,大直,121,164,3,3,3,3,2025-07-15 20:21:04,2025-07-15 20:21:04
"157,112",2,上行,BR11,BR 南京復興,157,112,1,1,2,2,2025-07-15 20:20:52,2025-07-15 20:20:52
"107,178",2,上行,BR15,劍南路,107,178,1,1,1,2,2025-07-15 20:20:39,2025-07-15 20:20:39
"187,188",2,上行,BR06,麟光,187,188,1,1,1,1,2025-07-15 20:20:34,2025-07-15 20:20:34
"1,30",2,上行,BR22,東湖,1,30,1,1,1,1,2025-07-15 20:20:25,2025-07-15 20:20:25
"35,14",1,下行,BR08,科技大樓,35,14,3,3,3,2,2025-07-15 20:20:25,2025-07-15 20:20:25
"11,16",1,下行,BR23,南港軟體園區,11,16,2,1,1,1,2025-07-15 20:20:19,2025-07-15 20:20:19
"7,32",2,上行,BR09,BR 大安,7,32,1,1,1,1,2025-07-15 20:20:11,2025-07-15 20:20:11
"5,20",1,下行,BR06,麟光,5,20,2,2,2,2,2025-07-15 20:20:05,2025-07-15 20:20:05
"135,201",1,下行,BR04,萬芳醫院,135,201,1,1,1,1,2025-07-15 20:19:53,2025-07-15 20:19:53
"101,114",2,上行,BR16,西湖,101,114,2,2,2,2,2025-07-15 20:19:48,2025-07-15 20:19:48
"41,34",2,上行,BR04,萬芳醫院,41,34,1,1,1,1,2025-07-15 20:19:35,2025-07-15 20:19:35
"9,4",1,下行,BR16,西湖,9,4,2,1,2,3,2025-07-15 20:19:35,2025-07-15 20:19:35
"141,160",1,下行,BR21,葫洲,141,160,1,1,1,1,2025-07-15 20:19:32,2025-07-15 20:19:32
"195,122",2,上行,BR18,文德,195,122,2,2,2,2,2025-07-15 20:19:26,2025-07-15 20:19:26
"39,40",2,上行,BR02,木柵,39,40,1,1,1,1,2025-07-15 20:19:25,2025-07-15 20:19:25
"191,126",2,上行,BR20,大湖公園,191,126,1,1,1,1,2025-07-15 20:19:24,2025-07-15 20:19:24
"37,38",1,下行,BR02,木柵,37,38,1,1,1,1,2025-07-15 20:19:07,2025-07-15 20:19:07
"175,190",1,下行,BR11,BR 南京復興,175,190,3,2,2,3,2025-07-15 20:19:00,2025-07-15 20:19:00
"151,138",2,上行,BR23,南港軟體園區,151,138,2,2,1,1,2025-07-15 20:18:52,2025-07-15 20:18:52
"157,112",2,上行,BR10,BR 忠孝復興,157,112,1,1,2,2,2025-07-15 20:18:51,2025-07-15 20:18:51
"127,120",1,下行,BR19,內湖,127,120,1,1,1,1,2025-07-15 20:18:49,2025-07-15 20:18:49
"199,128",2,上行,BR07,六張犁,199,128,1,1,1,1,2025-07-15 20:18:48,2025-07-15 20:18:48
"35,14",1,下行,BR09,BR 大安,35,14,3,3,3,2,2025-07-15 20:18:45,2025-07-15 20:18:45
"1,30",2,上行,BR21,葫洲,1,30,1,1,1,1,2025-07-15 20:18:41,2025-07-15 20:18:41
"129,198",2,上行,BR13,松山機場,129,198,2,1,2,1,2025-07-15 20:18:38,2025-07-15 20:18:38
"107,178",2,上行,BR14,大直,107,178,2,1,1,2,2025-07-15 20:18:35,2025-07-15 20:18:35
"11,16",1,下行,BR24,BR 南港展覽館,11,16,1,1,1,1,2025-07-15 20:18:34,2025-07-15 20:18:34
"5,20",1,下行,BR07,六張犁,5,20,3,2,2,2,2025-07-15 20:18:26,2025-07-15 20:18:26
"7,32",2,上行,BR08,科技大樓,7,32,1,1,1,1,2025-07-15 20:18:19,2025-07-15 20:18:19
"187,188",2,上行,BR05,辛亥,187,188,1,1,1,1,2025-07-15 20:18:09,2025-07-15 20:18:09
"39,40",2,上行,BR06,麟光,39,40,1,1,1,1,2025-07-15 20:27:23,2025-07-15 20:27:23
"195,122",2,上行,BR22,東湖,195,122,1,1,1,1,2025-07-15 20:27:18,2025-07-15 20:27:18
"197,132",2,上行,BR04,萬芳醫院,197,132,1,1,1,1,2025-07-15 20:27:11,2025-07-15 20:27:11
"175,190",1,下行,BR07,六張犁,175,190,1,1,2,1,2025-07-15 20:27:07,2025-07-15 20:27:07
"35,14",1,下行,BR05,辛亥,35,14,2,2,1,1,2025-07-15 20:27:00,2025-07-15 20:27:00
"5,20",1,下行,BR03,萬芳社區,5,20,1,1,1,1,2025-07-15 20:26:56,2025-07-15 20:26:56
"37,38",2,上行,BR01,動物園,37,38,1,1,1,1,2025-07-15 20:26:48,2025-07-15 20:26:48
"43,36",1,下行,BR22,東湖,43,36,1,1,1,1,2025-07-15 20:26:40,2025-07-15 20:26:40
"187,188",2,上行,BR09,BR 大安,187,188,1,1,1,1,2025-07-15 20:26:39,2025-07-15 20:26:39
"11,16",1,下行,BR20,大湖公園,11,16,1,1,1,1,2025-07-15 20:26:19,2025-07-15 20:26:19
"129,198",2,上行,BR16,西湖,129,198,1,1,1,1,2025-07-15 20:26:17,2025-07-15 20:26:17
"121,164",1,下行,BR12,中山國中,121,164,3,3,3,4,2025-07-15 20:26:07,2025-07-15 20:26:07
"107,178",2,上行,BR18,文德,107,178,2,1,1,1,2025-07-15 20:26:06,2025-07-15 20:26:06
"183,118",1,下行,BR10,BR 忠孝復興,183,118,3,2,2,2,2025-07-15 20:25:57,2025-07-15 20:25:57
"41,34",2,上行,BR07,六張犁,41,34,1,1,1,1,2025-07-15 20:25:51,2025-07-15 20:25:51
"7,32",2,上行,BR12,中山國中,7,32,2,1,2,2,2025-07-15 20:25:49,2025-07-15 20:25:49
"135,201",1,下行,BR01,動物園,135,201,1,2,1,1,2025-07-15 20:25:34,2025-07-15 20:25:34
"191,126",2,上行,BR23,南港軟體園區,191,126,1,1,1,1,2025-07-15 20:25:21,2025-07-15 20:25:21
"157,112",2,上行,BR13,松山機場,157,112,1,1,1,1,2025-07-15 20:25:20,2025-07-15 20:25:20
"199,128",2,上行,BR10,BR 忠孝復興,199,128,1,1,2,2,2025-07-15 20:25:20,2025-07-15 20:25:20
"141,160",1,下行,BR18,文德,141,160,1,2,1,1,2025-07-15 20:25:18,2025-07-15 20:25:18
"39,40",2,上行,BR05,辛亥,39,40,1,1,1,1,2025-07-15 20:24:56,2025-07-15 20:24:56
"5,20",1,下行,BR04,萬芳醫院,5,20,1,1,1,1,2025-07-15 20:24:51,2025-07-15 20:24:51
"43,36",1,下行,BR23,南港軟體園區,43,36,1,1,1,1,2025-07-15 20:24:51,2025-07-15 20:24:51
"187,188",2,上行,BR08,科技大樓,187,188,1,1,1,1,2025-07-15 20:24:49,2025-07-15 20:24:49
"175,190",1,下行,BR08,科技大樓,175,190,2,2,2,2,2025-07-15 20:24:39,2025-07-15 20:24:39
"1,30",2,上行,BR24,BR 南港展覽館,1,30,1,1,1,1,2025-07-15 20:24:38,2025-07-15 20:24:38
"35,14",1,下行,BR06,麟光,35,14,2,2,1,1,2025-07-15 20:24:31,2025-07-15 20:24:31
"107,178",2,上行,BR17,港漧,107,178,2,1,1,1,2025-07-15 20:24:29,2025-07-15 20:24:29
"41,34",2,上行,BR06,麟光,41,34,1,1,1,1,2025-07-15 20:24:12,2025-07-15 20:24:12
"7,32",2,上行,BR11,BR 南京復興,7,32,2,1,2,2,2025-07-15 20:24:11,2025-07-15 20:24:11
"9,4",1,下行,BR14,大直,9,4,2,2,2,3,2025-07-15 20:24:07,2025-07-15 20:24:07
"11,16",1,下行,BR21,葫洲,11,16,1,1,1,1,2025-07-15 20:24:04,2025-07-15 20:24:04
"129,198",2,上行,BR15,劍南路,129,198,1,1,1,2,2025-07-15 20:23:49,2025-07-15 20:23:49
"183,118",1,下行,BR11,BR 南京復興,183,118,3,3,2,2,2025-07-15 20:23:43,2025-07-15 20:23:43
"135,201",1,下行,BR02,木柵,135,201,2,3,1,1,2025-07-15 20:23:24,2025-07-15 20:23:24
"41,34",2,上行,BR10,BR 忠孝復興,41,34,2,1,1,1,2025-07-15 20:32:23,2025-07-15 20:32:23
"187,188",2,上行,BR12,中山國中,187,188,2,2,1,2,2025-07-15 20:32:17,2025-07-15 20:32:17
"141,160",1,下行,BR15,劍南路,141,160,2,1,2,1,2025-07-15 20:32:10,2025-07-15 20:32:10
"7,32",2,上行,BR14,大直,7,32,1,1,2,1,2025-07-15 20:32:00,2025-07-15 20:32:00
"183,118",1,下行,BR07,六張犁,183,118,1,1,2,3,2025-07-15 20:31:51,2025-07-15 20:31:51
"197,132",2,上行,BR06,麟光,197,132,1,1,1,1,2025-07-15 20:31:47,2025-07-15 20:31:47
"37,38",2,上行,BR04,萬芳醫院,37,38,1,1,1,1,2025-07-15 20:31:43,2025-07-15 20:31:43
"39,40",2,上行,BR08,科技大樓,39,40,1,1,1,1,2025-07-15 20:31:40,2025-07-15 20:31:40
"107,178",2,上行,BR21,葫洲,107,178,1,1,1,1,2025-07-15 20:31:30,2025-07-15 20:31:30
"11,16",1,下行,BR17,港漧,11,16,1,1,1,1,2025-07-15 20:31:24,2025-07-15 20:31:24
"35,14",1,下行,BR03,萬芳社區,35,14,1,1,1,1,2025-07-15 20:31:23,2025-07-15 20:31:23
"175,190",1,下行,BR05,辛亥,175,190,1,1,1,1,2025-07-15 20:31:12,2025-07-15 20:31:12
"1,30",1,下行,BR22,東湖,1,30,2,1,1,1,2025-07-15 20:31:11,2025-07-15 20:31:11
"129,198",2,上行,BR19,內湖,129,198,1,1,2,2,2025-07-15 20:31:05,2025-07-15 20:31:05
"43,36",1,下行,BR20,大湖公園,43,36,1,1,1,1,2025-07-15 20:30:49,2025-07-15 20:30:49
"121,164",1,下行,BR10,BR 忠孝復興,121,164,3,3,2,3,2025-07-15 20:30:48,2025-07-15 20:30:48
"157,112",2,上行,BR15,劍南路,157,112,1,1,1,1,2025-07-15 20:30:45,2025-07-15 20:30:45
"195,122",2,上行,BR24,BR 南港展覽館,195,122,1,1,1,1,2025-07-15 20:30:41,2025-07-15 20:30:41
"9,4",1,下行,BR12,中山國中,9,4,2,2,2,3,2025-07-15 20:30:40,2025-07-15 20:30:40
"187,188",2,上行,BR11,BR 南京復興,187,188,2,2,1,2,2025-07-15 20:30:39,2025-07-15 20:30:39
"5,20",1,下行,BR01,動物園,5,20,1,1,1,1,2025-07-15 20:30:32,2025-07-15 20:30:32
"41,34",2,上行,BR09,BR 大安,41,34,1,1,1,1,2025-07-15 20:30:22,2025-07-15 20:30:22
"127,120",1,下行,BR14,大直,127,120,2,2,1,1,2025-07-15 20:30:02,2025-07-15 20:30:02
"11,16",1,下行,BR18,文德,11,16,1,1,1,1,2025-07-15 20:29:38,2025-07-15 20:29:38
"37,38",2,上行,BR03,萬芳社區,37,38,1,1,1,1,2025-07-15 20:29:37,2025-07-15 20:29:37
"197,132",2,上行,BR05,辛亥,197,132,1,1,1,1,2025-07-15 20:29:33,2025-07-15 20:29:33
"129,198",2,上行,BR18,文德,129,198,1,1,1,1,2025-07-15 20:29:28,2025-07-15 20:29:28
"107,178",2,上行,BR20,大湖公園,107,178,1,1,1,1,2025-07-15 20:29:26,2025-07-15 20:29:26
"183,118",1,下行,BR08,科技大樓,183,118,2,2,2,2,2025-07-15 20:29:21,2025-07-15 20:29:21
"1,30",1,下行,BR23,南港軟體園區,1,30,2,1,1,1,2025-07-15 20:29:19,2025-07-15 20:29:19
"35,14",1,下行,BR04,萬芳醫院,35,14,1,1,1,1,2025-07-15 20:29:17,2025-07-15 20:29:17
"199,128",2,上行,BR12,中山國中,199,128,1,1,2,2,2025-07-15 20:29:08,2025-07-15 20:29:08
"39,40",2,上行,BR07,六張犁,39,40,1,1,1,1,2025-07-15 20:29:02,2025-07-15 20:29:02
"121,164",1,下行,BR11,BR 南京復興,121,164,3,3,3,3,2025-07-15 20:28:46,2025-07-15 20:28:46
"175,190",1,下行,BR06,麟光,175,190,1,1,1,1,2025-07-15 20:28:44,2025-07-15 20:28:44
"7,32",2,上行,BR13,松山機場,7,32,1,1,2,2,2025-07-15 20:28:42,2025-07-15 20:28:42
"187,188",2,上行,BR10,BR 忠孝復興,187,188,2,2,1,2,2025-07-15 20:28:39,2025-07-15 20:28:39
"157,112",2,上行,BR14,大直,157,112,1,1,1,1,2025-07-15 20:28:38,2025-07-15 20:28:38
"195,122",2,上行,BR23,南港軟體園區,195,122,1,1,1,1,2025-07-15 20:28:31,2025-07-15 20:28:31
"41,34",2,上行,BR08,科技大樓,41,34,1,1,1,1,2025-07-15 20:28:30,2025-07-15 20:28:30
"141,160",1,下行,BR16,西湖,141,160,1,2,2,2,2025-07-15 20:28:30,2025-07-15 20:28:30
"37,38",2,上行,BR02,木柵,37,38,1,1,1,1,2025-07-15 20:28:24,2025-07-15 20:28:24
"43,36",1,下行,BR21,葫洲,43,36,1,1,1,1,2025-07-15 20:28:22,2025-07-15 20:28:22
"111,142",2,上行,BR15,劍南路,111,142,2,2,1,2,2025-07-15 20:28:18,2025-07-15 20:28:18
"5,20",1,下行,BR02,木柵,5,20,1,1,1,1,2025-07-15 20:28:09,2025-07-15 20:28:09
"39,40",2,上行,BR11,BR 南京復興,39,40,2,2,2,2,2025-07-15 20:37:26,2025-07-15 20:37:26
"191,126",1,下行,BR21,葫洲,191,126,1,1,1,1,2025-07-15 20:37:21,2025-07-15 20:37:21
"107,178",2,上行,BR24,BR 南港展覽館,107,178,1,1,1,1,2025-07-15 20:37:11,2025-07-15 20:37:11
"199,128",2,上行,BR15,劍南路,199,128,1,1,2,1,2025-07-15 20:37:03,2025-07-15 20:37:03
"1,30",1,下行,BR19,內湖,1,30,1,1,1,1,2025-07-15 20:36:57,2025-07-15 20:36:57
"175,190",1,下行,BR02,木柵,175,190,1,1,1,1,2025-07-15 20:36:45,2025-07-15 20:36:45
"9,4",1,下行,BR09,BR 大安,9,4,3,3,3,3,2025-07-15 20:36:39,2025-07-15 20:36:39
"7,32",2,上行,BR16,西湖,7,32,1,1,2,1,2025-07-15 20:36:24,2025-07-15 20:36:24
"129,198",2,上行,BR22,東湖,129,198,1,1,1,1,2025-07-15 20:36:20,2025-07-15 20:36:20
"37,38",2,上行,BR06,麟光,37,38,1,1,1,1,2025-07-15 20:36:20,2025-07-15 20:36:20
"157,112",2,上行,BR18,文德,157,112,2,1,1,1,2025-07-15 20:36:13,2025-07-15 20:36:13
"197,132",2,上行,BR08,科技大樓,197,132,1,1,1,2,2025-07-15 20:36:12,2025-07-15 20:36:12
"121,164",1,下行,BR07,六張犁,121,164,3,3,2,2,2025-07-15 20:36:03,2025-07-15 20:36:03
"41,34",2,上行,BR12,中山國中,41,34,3,1,2,1,2025-07-15 20:36:00,2025-07-15 20:36:00
"183,118",1,下行,BR05,辛亥,183,118,1,1,1,1,2025-07-15 20:35:57,2025-07-15 20:35:57
"43,36",1,下行,BR17,港漧,43,36,2,1,1,1,2025-07-15 20:35:54,2025-07-15 20:35:54
"135,201",2,上行,BR04,萬芳醫院,135,201,1,1,1,1,2025-07-15 20:35:49,2025-07-15 20:35:49
"191,126",1,下行,BR22,東湖,191,126,1,1,1,1,2025-07-15 20:35:38,2025-07-15 20:35:38
"175,190",1,下行,BR03,萬芳社區,175,190,1,1,1,1,2025-07-15 20:35:33,2025-07-15 20:35:33
"11,16",1,下行,BR15,劍南路,11,16,2,1,1,1,2025-07-15 20:35:30,2025-07-15 20:35:30
"39,40",2,上行,BR10,BR 忠孝復興,39,40,1,1,1,2,2025-07-15 20:35:27,2025-07-15 20:35:27
"1,30",1,下行,BR20,大湖公園,1,30,1,1,1,1,2025-07-15 20:35:21,2025-07-15 20:35:21
"199,128",2,上行,BR14,大直,199,128,1,1,2,1,2025-07-15 20:35:16,2025-07-15 20:35:16
"129,198",2,上行,BR21,葫洲,129,198,1,1,2,1,2025-07-15 20:35:14,2025-07-15 20:35:14
"187,188",2,上行,BR13,松山機場,187,188,2,2,1,2,2025-07-15 20:35:07,2025-07-15 20:35:07
"9,4",1,下行,BR10,BR 忠孝復興,9,4,2,3,3,2,2025-07-15 20:34:53,2025-07-15 20:34:53
"35,14",1,下行,BR01,動物園,35,14,1,1,1,1,2025-07-15 20:34:49,2025-07-15 20:34:49
"127,120",1,下行,BR12,中山國中,127,120,3,2,1,1,2025-07-15 20:34:48,2025-07-15 20:34:48
"157,112",2,上行,BR17,港漧,157,112,2,1,1,1,2025-07-15 20:34:35,2025-07-15 20:34:35
"41,34",2,上行,BR11,BR 南京復興,41,34,3,1,2,1,2025-07-15 20:34:22,2025-07-15 20:34:22
"135,201",2,上行,BR03,萬芳社區,135,201,1,1,1,1,2025-07-15 20:34:11,2025-07-15 20:34:11
"43,36",1,下行,BR18,文德,43,36,1,1,1,1,2025-07-15 20:34:08,2025-07-15 20:34:08
"199,128",2,上行,BR13,松山機場,199,128,1,1,2,2,2025-07-15 20:34:05,2025-07-15 20:34:05
"7,32",2,上行,BR15,劍南路,7,32,1,1,2,1,2025-07-15 20:34:04,2025-07-15 20:34:04
"107,178",2,上行,BR22,東湖,107,178,1,1,1,1,2025-07-15 20:34:00,2025-07-15 20:34:00
"37,38",2,上行,BR05,辛亥,37,38,1,1,1,1,2025-07-15 20:33:55,2025-07-15 20:33:55
"191,126",1,下行,BR23,南港軟體園區,191,126,1,1,1,1,2025-07-15 20:33:51,2025-07-15 20:33:51
"121,164",1,下行,BR08,科技大樓,121,164,3,3,2,2,2025-07-15 20:33:47,2025-07-15 20:33:47
"101,114",2,上行,BR24,BR 南港展覽館,101,114,1,2,1,1,2025-07-15 20:33:46,2025-07-15 20:33:46
"197,132",2,上行,BR07,六張犁,197,132,1,1,1,1,2025-07-15 20:33:35,2025-07-15 20:33:35
"39,40",2,上行,BR09,BR 大安,39,40,1,1,1,2,2025-07-15 20:33:32,2025-07-15 20:33:32
"175,190",1,下行,BR04,萬芳醫院,175,190,1,1,1,1,2025-07-15 20:33:27,2025-07-15 20:33:27
"127,120",1,下行,BR13,松山機場,127,120,2,2,1,1,2025-07-15 20:33:17,2025-07-15 20:33:17
"141,160",1,下行,BR14,大直,141,160,1,2,2,2,2025-07-15 20:33:10,2025-07-15 20:33:10
